/*
Navicat MySQL Data Transfer

Source Server         : CONEXION
Source Server Version : 50505
Source Host           : localhost:3306
Source Database       : covid19 - 10-04

Target Server Type    : MYSQL
Target Server Version : 50505
File Encoding         : 65001

Date: 2020-04-13 21:18:29
*/

SET FOREIGN_KEY_CHECKS=0;

-- ----------------------------
-- Table structure for cantones
-- ----------------------------
DROP TABLE IF EXISTS `cantones`;
CREATE TABLE `cantones` (
  `ID_Canton` varchar(10) NOT NULL,
  `Canton` varchar(25) NOT NULL,
  `ID_Provincia` varchar(10) NOT NULL,
  PRIMARY KEY (`ID_Canton`) USING BTREE
) ENGINE=InnoDB DEFAULT CHARSET=utf8mb4 ROW_FORMAT=DYNAMIC;

-- ----------------------------
-- Records of cantones
-- ----------------------------
INSERT INTO `cantones` VALUES ('', '', '');
INSERT INTO `cantones` VALUES ('CAN01', 'Jipijapa', 'PRO14');
INSERT INTO `cantones` VALUES ('CAN02', 'Portoviejo', 'PRO14');
INSERT INTO `cantones` VALUES ('CAN03', '24 de Mayo', 'PRO14');
INSERT INTO `cantones` VALUES ('CAN04', 'Bolivar', 'PRO14');
INSERT INTO `cantones` VALUES ('CAN05', 'Chone', 'PRO14');
INSERT INTO `cantones` VALUES ('CAN06', 'El Carmen', 'PRO14');
INSERT INTO `cantones` VALUES ('CAN07', 'Flavio Alfaro', 'PRO14');
INSERT INTO `cantones` VALUES ('CAN08', 'Jama', 'PRO14');
INSERT INTO `cantones` VALUES ('CAN09', 'Jaramijo', 'PRO14');
INSERT INTO `cantones` VALUES ('CAN10', 'Junin', 'PRO14');
INSERT INTO `cantones` VALUES ('CAN100', 'Alfredo Baquerizo Moreno', 'PRO10');
INSERT INTO `cantones` VALUES ('CAN101', 'Balao', 'PRO10');
INSERT INTO `cantones` VALUES ('CAN102', 'Balzar', 'PRO10');
INSERT INTO `cantones` VALUES ('CAN103', 'Colimes', 'PRO10');
INSERT INTO `cantones` VALUES ('CAN104', 'Daule', 'PRO10');
INSERT INTO `cantones` VALUES ('CAN105', 'Durán', 'PRO10');
INSERT INTO `cantones` VALUES ('CAN106', 'El Empalme', 'PRO10');
INSERT INTO `cantones` VALUES ('CAN107', 'El Triunfo', 'PRO10');
INSERT INTO `cantones` VALUES ('CAN108', 'General Antonio Elizalde', 'PRO10');
INSERT INTO `cantones` VALUES ('CAN109', 'Isidro Ayora', 'PRO10');
INSERT INTO `cantones` VALUES ('CAN110', 'Lomas de Sargentillo', 'PRO10');
INSERT INTO `cantones` VALUES ('CAN111', 'Marcelino Maridueña', 'PRO10');
INSERT INTO `cantones` VALUES ('CAN112', 'Milagro', 'PRO10');
INSERT INTO `cantones` VALUES ('CAN113', 'Naranjal', 'PRO10');
INSERT INTO `cantones` VALUES ('CAN114', 'Naranjito', 'PRO10');
INSERT INTO `cantones` VALUES ('CAN115', 'Nobol', 'PRO10');
INSERT INTO `cantones` VALUES ('CAN116', 'Palestina', 'PRO10');
INSERT INTO `cantones` VALUES ('CAN117', 'Pedro Carbo', 'PRO10');
INSERT INTO `cantones` VALUES ('CAN118', 'Playas', 'PRO10');
INSERT INTO `cantones` VALUES ('CAN119', 'Salitre', 'PRO10');
INSERT INTO `cantones` VALUES ('CAN12', 'Montecristi', 'PRO14');
INSERT INTO `cantones` VALUES ('CAN120', 'Samborondón', 'PRO10');
INSERT INTO `cantones` VALUES ('CAN121', 'Santa Lucía', 'PRO10');
INSERT INTO `cantones` VALUES ('CAN122', 'Simón Bolívar', 'PRO10');
INSERT INTO `cantones` VALUES ('CAN123', 'Yaguachi', 'PRO10');
INSERT INTO `cantones` VALUES ('CAN124', 'Ibarra', 'PRO11');
INSERT INTO `cantones` VALUES ('CAN125', 'Antonio Ante', 'PRO11');
INSERT INTO `cantones` VALUES ('CAN126', 'Cotacachi', 'PRO11');
INSERT INTO `cantones` VALUES ('CAN127', 'Otavalo', 'PRO11');
INSERT INTO `cantones` VALUES ('CAN128', 'Pimampiro', 'PRO11');
INSERT INTO `cantones` VALUES ('CAN129', 'San Miguel de Urcuquí', 'PRO11');
INSERT INTO `cantones` VALUES ('CAN13', 'Olmedo', 'PRO14');
INSERT INTO `cantones` VALUES ('CAN130', 'Loja', 'PRO12');
INSERT INTO `cantones` VALUES ('CAN131', 'Calvas', 'PRO12');
INSERT INTO `cantones` VALUES ('CAN132', 'Catamayo', 'PRO12');
INSERT INTO `cantones` VALUES ('CAN133', 'Celica', 'PRO12');
INSERT INTO `cantones` VALUES ('CAN134', 'Chaguarpamba', 'PRO12');
INSERT INTO `cantones` VALUES ('CAN135', 'Espíndola', 'PRO12');
INSERT INTO `cantones` VALUES ('CAN136', 'Gonzanamá', 'PRO12');
INSERT INTO `cantones` VALUES ('CAN137', 'Macará', 'PRO12');
INSERT INTO `cantones` VALUES ('CAN138', 'Olmedo', 'PRO12');
INSERT INTO `cantones` VALUES ('CAN139', 'Paltas', 'PRO12');
INSERT INTO `cantones` VALUES ('CAN14', 'Pajan', 'PRO14');
INSERT INTO `cantones` VALUES ('CAN140', 'Pindal', 'PRO12');
INSERT INTO `cantones` VALUES ('CAN141', 'Puyango', 'PRO12');
INSERT INTO `cantones` VALUES ('CAN142', 'Quilanga', 'PRO12');
INSERT INTO `cantones` VALUES ('CAN143', 'Saraguro', 'PRO12');
INSERT INTO `cantones` VALUES ('CAN144', 'Sozoranga', 'PRO12');
INSERT INTO `cantones` VALUES ('CAN145', 'Zapotillo', 'PRO12');
INSERT INTO `cantones` VALUES ('CAN146', 'Babahoyo', 'PRO13');
INSERT INTO `cantones` VALUES ('CAN147', 'Baba', 'PRO13');
INSERT INTO `cantones` VALUES ('CAN148', 'Buena Fe', 'PRO13');
INSERT INTO `cantones` VALUES ('CAN149', 'Mocache', 'PRO13');
INSERT INTO `cantones` VALUES ('CAN15', 'Pedernales', 'PRO14');
INSERT INTO `cantones` VALUES ('CAN150', 'Montalvo', 'PRO13');
INSERT INTO `cantones` VALUES ('CAN151', 'Palenque', 'PRO13');
INSERT INTO `cantones` VALUES ('CAN152', 'Puebloviejo', 'PRO13');
INSERT INTO `cantones` VALUES ('CAN153', 'Quevedo', 'PRO13');
INSERT INTO `cantones` VALUES ('CAN154', 'Quinsaloma', 'PRO13');
INSERT INTO `cantones` VALUES ('CAN155', 'Urdaneta', 'PRO13');
INSERT INTO `cantones` VALUES ('CAN156', 'Valencia', 'PRO13');
INSERT INTO `cantones` VALUES ('CAN157', 'Ventanas', 'PRO13');
INSERT INTO `cantones` VALUES ('CAN158', 'Vinces', 'PRO13');
INSERT INTO `cantones` VALUES ('CAN159', 'Morona', 'PRO15');
INSERT INTO `cantones` VALUES ('CAN16', 'Pichincha', 'PRO14');
INSERT INTO `cantones` VALUES ('CAN160', 'Gualaquiza', 'PRO15');
INSERT INTO `cantones` VALUES ('CAN161', 'Huamboya', 'PRO15');
INSERT INTO `cantones` VALUES ('CAN162', 'Limón Indanza', 'PRO15');
INSERT INTO `cantones` VALUES ('CAN163', 'Logroño', 'PRO15');
INSERT INTO `cantones` VALUES ('CAN164', 'Pablo Sexto', 'PRO15');
INSERT INTO `cantones` VALUES ('CAN165', 'Palora', 'PRO15');
INSERT INTO `cantones` VALUES ('CAN166', 'San Juan Bosco', 'PRO15');
INSERT INTO `cantones` VALUES ('CAN167', 'Santiago de Méndez', 'PRO15');
INSERT INTO `cantones` VALUES ('CAN168', 'Sucúa', 'PRO15');
INSERT INTO `cantones` VALUES ('CAN169', 'Taisha', 'PRO15');
INSERT INTO `cantones` VALUES ('CAN17', 'Puerto Lopez', 'PRO14');
INSERT INTO `cantones` VALUES ('CAN170', 'Tiwintza', 'PRO15');
INSERT INTO `cantones` VALUES ('CAN171', 'Tena', 'PRO16');
INSERT INTO `cantones` VALUES ('CAN172', 'Archidona', 'PRO16');
INSERT INTO `cantones` VALUES ('CAN173', 'Carlos Julio Arosemena', 'PRO16');
INSERT INTO `cantones` VALUES ('CAN174', 'El Chaco', 'PRO16');
INSERT INTO `cantones` VALUES ('CAN175', 'Quijos', 'PRO16');
INSERT INTO `cantones` VALUES ('CAN176', 'Francisco de Orellana', 'PRO17');
INSERT INTO `cantones` VALUES ('CAN177', 'Aguarico', 'PRO17');
INSERT INTO `cantones` VALUES ('CAN178', 'La Joya de los Sachas', 'PRO17');
INSERT INTO `cantones` VALUES ('CAN179', 'Loreto', 'PRO17');
INSERT INTO `cantones` VALUES ('CAN18', 'Rocafuerte', 'PRO14');
INSERT INTO `cantones` VALUES ('CAN180', 'Pastaza', 'PRO18');
INSERT INTO `cantones` VALUES ('CAN181', 'Arajuno', 'PRO18');
INSERT INTO `cantones` VALUES ('CAN182', 'Mera', 'PRO18');
INSERT INTO `cantones` VALUES ('CAN183', 'Santa Clara', 'PRO18');
INSERT INTO `cantones` VALUES ('CAN184', 'Quito', 'PRO19');
INSERT INTO `cantones` VALUES ('CAN185', 'Cayambe', 'PRO19');
INSERT INTO `cantones` VALUES ('CAN186', 'Mejía', 'PRO19');
INSERT INTO `cantones` VALUES ('CAN187', 'Pedro Moncayo', 'PRO19');
INSERT INTO `cantones` VALUES ('CAN188', 'Pedro Vicente Maldonado', 'PRO19');
INSERT INTO `cantones` VALUES ('CAN189', 'Puerto Quito', 'PRO19');
INSERT INTO `cantones` VALUES ('CAN19', 'San Vicente', 'PRO14');
INSERT INTO `cantones` VALUES ('CAN190', 'Rumiñahui', 'PRO19');
INSERT INTO `cantones` VALUES ('CAN191', 'San Miguel de los Bancos', 'PRO19');
INSERT INTO `cantones` VALUES ('CAN192', 'Santa Elena', 'PRO20');
INSERT INTO `cantones` VALUES ('CAN193', 'La Libertad', 'PRO20');
INSERT INTO `cantones` VALUES ('CAN194', 'Salinas', 'PRO20');
INSERT INTO `cantones` VALUES ('CAN195', 'Santo Domingo', 'PRO21');
INSERT INTO `cantones` VALUES ('CAN196', 'La Concordia', 'PRO21');
INSERT INTO `cantones` VALUES ('CAN197', 'Lago Agrio', 'PRO22');
INSERT INTO `cantones` VALUES ('CAN198', 'Cascales', 'PRO22');
INSERT INTO `cantones` VALUES ('CAN199', 'Cuyabeno', 'PRO22');
INSERT INTO `cantones` VALUES ('CAN20', 'Santa Ana', 'PRO14');
INSERT INTO `cantones` VALUES ('CAN200', 'Gonzalo Pizarro', 'PRO22');
INSERT INTO `cantones` VALUES ('CAN201', 'Putumayo', 'PRO22');
INSERT INTO `cantones` VALUES ('CAN202', 'Shushufindi', 'PRO22');
INSERT INTO `cantones` VALUES ('CAN203', 'Sucumbíos', 'PRO22');
INSERT INTO `cantones` VALUES ('CAN204', 'Ambato', 'PRO23');
INSERT INTO `cantones` VALUES ('CAN205', 'Baños', 'PRO23');
INSERT INTO `cantones` VALUES ('CAN206', 'Cevallos', 'PRO23');
INSERT INTO `cantones` VALUES ('CAN207', 'Mocha\r\n ', 'PRO23');
INSERT INTO `cantones` VALUES ('CAN208', 'Patate', 'PRO23');
INSERT INTO `cantones` VALUES ('CAN209', 'Pelileo', 'PRO23');
INSERT INTO `cantones` VALUES ('CAN21', 'Sucre', 'PRO14');
INSERT INTO `cantones` VALUES ('CAN210', 'Quero', 'PRO23');
INSERT INTO `cantones` VALUES ('CAN211', 'Santiago de Píllaro', 'PRO23');
INSERT INTO `cantones` VALUES ('CAN212', 'Tisaleo', 'PRO23');
INSERT INTO `cantones` VALUES ('CAN213', 'Zamora', 'PRO24');
INSERT INTO `cantones` VALUES ('CAN214', 'Centinela del Cóndor', 'PRO24');
INSERT INTO `cantones` VALUES ('CAN215', 'Chinchipe', 'PRO24');
INSERT INTO `cantones` VALUES ('CAN216', 'El Pangui', 'PRO24');
INSERT INTO `cantones` VALUES ('CAN217', 'Nangaritza', 'PRO24');
INSERT INTO `cantones` VALUES ('CAN218', 'Palanda', 'PRO24');
INSERT INTO `cantones` VALUES ('CAN219', 'Paquisha', 'PRO24');
INSERT INTO `cantones` VALUES ('CAN22', 'Tosagua', 'PRO14');
INSERT INTO `cantones` VALUES ('CAN220', 'Yacuambi', 'PRO24');
INSERT INTO `cantones` VALUES ('CAN221', 'Yantzaza', 'PRO24');
INSERT INTO `cantones` VALUES ('CAN23', 'Cuenca', 'PRO01');
INSERT INTO `cantones` VALUES ('CAN24', 'Camilo Ponce Enríquez', 'PRO01');
INSERT INTO `cantones` VALUES ('CAN25', 'Chordeleg', 'PRO01');
INSERT INTO `cantones` VALUES ('CAN26', 'El Pan', 'PRO01');
INSERT INTO `cantones` VALUES ('CAN27', 'Girón', 'PRO01');
INSERT INTO `cantones` VALUES ('CAN28', 'Guachapala', 'PRO01');
INSERT INTO `cantones` VALUES ('CAN29', 'Gualaceo', 'PRO01');
INSERT INTO `cantones` VALUES ('CAN30', 'Nabón', 'PRO01');
INSERT INTO `cantones` VALUES ('CAN31', 'Oña', 'PRO01');
INSERT INTO `cantones` VALUES ('CAN32', 'Paute', 'PRO01');
INSERT INTO `cantones` VALUES ('CAN33', 'Pucará', 'PRO01');
INSERT INTO `cantones` VALUES ('CAN34', 'San Fernando', 'PRO01');
INSERT INTO `cantones` VALUES ('CAN35', 'Santa Isabel', 'PRO01');
INSERT INTO `cantones` VALUES ('CAN36', 'Sevilla de Oro', 'PRO01');
INSERT INTO `cantones` VALUES ('CAN37', 'Sígsig', 'PRO01');
INSERT INTO `cantones` VALUES ('CAN38', 'Guaranda', 'PRO02');
INSERT INTO `cantones` VALUES ('CAN39', 'Caluma', 'PRO02');
INSERT INTO `cantones` VALUES ('CAN40', 'Chillanes', 'PRO02');
INSERT INTO `cantones` VALUES ('CAN41', 'Chimbo', 'PRO02');
INSERT INTO `cantones` VALUES ('CAN42', 'Echeandía', 'PRO02');
INSERT INTO `cantones` VALUES ('CAN43', 'Las Naves', 'PRO02');
INSERT INTO `cantones` VALUES ('CAN44', 'San Miguel', 'PRO02');
INSERT INTO `cantones` VALUES ('CAN45', 'Azogues', 'PRO03');
INSERT INTO `cantones` VALUES ('CAN46', 'Biblián', 'PRO03');
INSERT INTO `cantones` VALUES ('CAN47', 'Cañar', 'PRO03');
INSERT INTO `cantones` VALUES ('CAN48', 'Déleg', 'PRO03');
INSERT INTO `cantones` VALUES ('CAN49', 'El Tambo', 'PRO03');
INSERT INTO `cantones` VALUES ('CAN50', 'La Troncal', 'PRO03');
INSERT INTO `cantones` VALUES ('CAN51', 'Suscal', 'PRO03');
INSERT INTO `cantones` VALUES ('CAN52', 'Tulcán', 'PRO04');
INSERT INTO `cantones` VALUES ('CAN53', 'Bolívar', 'PRO04');
INSERT INTO `cantones` VALUES ('CAN54', 'Espejo', 'PRO04');
INSERT INTO `cantones` VALUES ('CAN55', 'Mira', 'PRO04');
INSERT INTO `cantones` VALUES ('CAN56', 'Montúfar', 'PRO04');
INSERT INTO `cantones` VALUES ('CAN57', 'San Pedro de Huaca', 'PRO04');
INSERT INTO `cantones` VALUES ('CAN58', 'Riobamba', 'PRO05');
INSERT INTO `cantones` VALUES ('CAN59', 'Alausí', 'PRO05');
INSERT INTO `cantones` VALUES ('CAN60', 'Chambo', 'PRO05');
INSERT INTO `cantones` VALUES ('CAN61', 'Balsas', 'PRO05');
INSERT INTO `cantones` VALUES ('CAN62', 'Colta', 'PRO05');
INSERT INTO `cantones` VALUES ('CAN63', 'Cumandá', 'PRO05');
INSERT INTO `cantones` VALUES ('CAN64', 'Guamote', 'PRO05');
INSERT INTO `cantones` VALUES ('CAN65', 'Guano', 'PRO05');
INSERT INTO `cantones` VALUES ('CAN66', 'Pallatanga', 'PRO05');
INSERT INTO `cantones` VALUES ('CAN67', 'Penipe', 'PRO05');
INSERT INTO `cantones` VALUES ('CAN68', 'Latacunga', 'PRO06');
INSERT INTO `cantones` VALUES ('CAN69', 'La Maná', 'PRO06');
INSERT INTO `cantones` VALUES ('CAN70', 'Pangua', 'PRO06');
INSERT INTO `cantones` VALUES ('CAN71', 'Pujilí', 'PRO06');
INSERT INTO `cantones` VALUES ('CAN72', 'Salcedo', 'PRO06');
INSERT INTO `cantones` VALUES ('CAN73', 'Saquisilí', 'PRO06');
INSERT INTO `cantones` VALUES ('CAN74', 'Sigchos', 'PRO06');
INSERT INTO `cantones` VALUES ('CAN75', 'Machala', 'PRO07');
INSERT INTO `cantones` VALUES ('CAN76', 'Arenillas', 'PRO07');
INSERT INTO `cantones` VALUES ('CAN77', 'Atahualpa', 'PRO07');
INSERT INTO `cantones` VALUES ('CAN78', 'Balsas', 'PRO07');
INSERT INTO `cantones` VALUES ('CAN79', 'Chilla', 'PRO07');
INSERT INTO `cantones` VALUES ('CAN80', 'El Guabo', 'PRO07');
INSERT INTO `cantones` VALUES ('CAN81', 'Huaquillas', 'PRO07');
INSERT INTO `cantones` VALUES ('CAN82', 'Las Lajas', 'PRO07');
INSERT INTO `cantones` VALUES ('CAN83', 'Marcabelí', 'PRO07');
INSERT INTO `cantones` VALUES ('CAN84', 'Pasaje', 'PRO07');
INSERT INTO `cantones` VALUES ('CAN85', 'Piñas', 'PRO07');
INSERT INTO `cantones` VALUES ('CAN86', 'Portovelo', 'PRO07');
INSERT INTO `cantones` VALUES ('CAN87', 'Santa Rosa', 'PRO07');
INSERT INTO `cantones` VALUES ('CAN88', 'Zaruma', 'PRO07');
INSERT INTO `cantones` VALUES ('CAN89', 'Esmeraldas', 'PRO08');
INSERT INTO `cantones` VALUES ('CAN90', 'Atacames', 'PRO08');
INSERT INTO `cantones` VALUES ('CAN91', 'Eloy Alfaro', 'PRO08');
INSERT INTO `cantones` VALUES ('CAN92', 'Muisne', 'PRO08');
INSERT INTO `cantones` VALUES ('CAN93', 'Quinindé', 'PRO08');
INSERT INTO `cantones` VALUES ('CAN94', 'Rioverde', 'PRO08');
INSERT INTO `cantones` VALUES ('CAN95', 'San Lorenzo', 'PRO08');
INSERT INTO `cantones` VALUES ('CAN96', 'San Cristóbal', 'PRO09');
INSERT INTO `cantones` VALUES ('CAN97', 'Isabela', 'PRO09');
INSERT INTO `cantones` VALUES ('CAN98', 'Santa Cruz', 'PRO09');
INSERT INTO `cantones` VALUES ('CAN99', 'Guayaquil', 'PRO10');

-- ----------------------------
-- Table structure for parroquias
-- ----------------------------
DROP TABLE IF EXISTS `parroquias`;
CREATE TABLE `parroquias` (
  `ID_Parroquia` varchar(10) NOT NULL,
  `Parroquia` varchar(50) NOT NULL,
  `ID_Canton` varchar(10) NOT NULL,
  PRIMARY KEY (`ID_Parroquia`) USING BTREE
) ENGINE=InnoDB DEFAULT CHARSET=utf8mb4 ROW_FORMAT=DYNAMIC;

-- ----------------------------
-- Records of parroquias
-- ----------------------------
INSERT INTO `parroquias` VALUES ('PAR01', 'Dr. Miguel Moran Lucio', 'CAN01');
INSERT INTO `parroquias` VALUES ('PAR02', 'Manuel Inocencio Parrales y Guale', 'CAN01');
INSERT INTO `parroquias` VALUES ('PAR03', 'San Lorenzo de Jipijapa', 'CAN01');
INSERT INTO `parroquias` VALUES ('PAR04', 'America', 'CAN01');
INSERT INTO `parroquias` VALUES ('PAR05', 'El Anegado', 'CAN01');
INSERT INTO `parroquias` VALUES ('PAR06', 'La Union', 'CAN01');
INSERT INTO `parroquias` VALUES ('PAR07', 'Julcuy', 'CAN01');
INSERT INTO `parroquias` VALUES ('PAR08', 'Pedro Pablo Gomez', 'CAN01');
INSERT INTO `parroquias` VALUES ('PAR09', 'Puerto Cayo', 'CAN01');
INSERT INTO `parroquias` VALUES ('PAR10', 'Membrillal', 'CAN01');
INSERT INTO `parroquias` VALUES ('PAR100', 'Paccha', 'CAN23');
INSERT INTO `parroquias` VALUES ('PAR1000', 'Juan Montalvo', 'CAN185');
INSERT INTO `parroquias` VALUES ('PAR1001', 'Alóag', 'CAN186');
INSERT INTO `parroquias` VALUES ('PAR1002', 'Aloasi', 'CAN186');
INSERT INTO `parroquias` VALUES ('PAR1003', 'Cutuglahua', 'CAN186');
INSERT INTO `parroquias` VALUES ('PAR1004', 'El Chaupi', 'CAN186');
INSERT INTO `parroquias` VALUES ('PAR1005', 'Manuel Cornejo Astorga', 'CAN186');
INSERT INTO `parroquias` VALUES ('PAR1006', 'Tambillo', 'CAN186');
INSERT INTO `parroquias` VALUES ('PAR1007', 'Uyumbicho', 'CAN186');
INSERT INTO `parroquias` VALUES ('PAR1008', 'Machachi', 'CAN186');
INSERT INTO `parroquias` VALUES ('PAR1009', 'La Esperanza', 'CAN187');
INSERT INTO `parroquias` VALUES ('PAR101', 'Quingeo', 'CAN23');
INSERT INTO `parroquias` VALUES ('PAR1010', 'Malchinguí', 'CAN187');
INSERT INTO `parroquias` VALUES ('PAR1011', 'Tocachi', 'CAN187');
INSERT INTO `parroquias` VALUES ('PAR1012', 'Tupigachi', 'CAN187');
INSERT INTO `parroquias` VALUES ('PAR1013', 'Tabacundo', 'CAN187');
INSERT INTO `parroquias` VALUES ('PAR1014', 'Pedro Vicente Maldonado', 'CAN188');
INSERT INTO `parroquias` VALUES ('PAR1015', 'Puerto Quito', 'CAN189');
INSERT INTO `parroquias` VALUES ('PAR1016', 'Cotogchoa', 'CAN190');
INSERT INTO `parroquias` VALUES ('PAR1017', 'Rumipamba', 'CAN190');
INSERT INTO `parroquias` VALUES ('PAR1018', 'Sangolquí', 'CAN190');
INSERT INTO `parroquias` VALUES ('PAR1019', 'San Pedro de Taboada', 'CAN190');
INSERT INTO `parroquias` VALUES ('PAR102', 'Ricaurte', 'CAN23');
INSERT INTO `parroquias` VALUES ('PAR1020', 'San Rafael', 'CAN190');
INSERT INTO `parroquias` VALUES ('PAR1021', 'Sangolquí', 'CAN190');
INSERT INTO `parroquias` VALUES ('PAR1022', 'Mindo', 'CAN190');
INSERT INTO `parroquias` VALUES ('PAR1023', 'San Miguel de los Bancos', 'CAN191');
INSERT INTO `parroquias` VALUES ('PAR1024', 'Atahualpa', 'CAN192');
INSERT INTO `parroquias` VALUES ('PAR1025', 'Colonche', 'CAN192');
INSERT INTO `parroquias` VALUES ('PAR1026', 'Chanduy', 'CAN192');
INSERT INTO `parroquias` VALUES ('PAR1027', 'Manglaralto', 'CAN192');
INSERT INTO `parroquias` VALUES ('PAR1028', 'Simón Bolívar', 'CAN192');
INSERT INTO `parroquias` VALUES ('PAR1029', 'San José de Ancón', 'CAN192');
INSERT INTO `parroquias` VALUES ('PAR103', 'San Joaquín', 'CAN23');
INSERT INTO `parroquias` VALUES ('PAR1030', 'Ballenita', 'CAN192');
INSERT INTO `parroquias` VALUES ('PAR1031', 'Santa Elena', 'CAN192');
INSERT INTO `parroquias` VALUES ('PAR1032', 'Libertad', 'CAN193');
INSERT INTO `parroquias` VALUES ('PAR1033', 'Anconcito', 'CAN194');
INSERT INTO `parroquias` VALUES ('PAR1034', 'José Luis Tamayo', 'CAN194');
INSERT INTO `parroquias` VALUES ('PAR1035', 'Carlos Espinoza Larrea', 'CAN194');
INSERT INTO `parroquias` VALUES ('PAR1036', 'General Alberto Enríquez Gallo', 'CAN194');
INSERT INTO `parroquias` VALUES ('PAR1037', 'Vicente Rocafuerte', 'CAN194');
INSERT INTO `parroquias` VALUES ('PAR1038', 'Santa Rosa', 'CAN194');
INSERT INTO `parroquias` VALUES ('PAR1039', 'Alluriquín', 'CAN195');
INSERT INTO `parroquias` VALUES ('PAR104', 'Santa Ana', 'CAN23');
INSERT INTO `parroquias` VALUES ('PAR1040', 'Puerto Limón', 'CAN195');
INSERT INTO `parroquias` VALUES ('PAR1041', 'Luz de América', 'CAN195');
INSERT INTO `parroquias` VALUES ('PAR1042', 'San Jacinto del Búa', 'CAN195');
INSERT INTO `parroquias` VALUES ('PAR1043', 'Valle Hermoso', 'CAN195');
INSERT INTO `parroquias` VALUES ('PAR1044', 'El Esfuerzo', 'CAN195');
INSERT INTO `parroquias` VALUES ('PAR1045', 'Santa María del Toachi', 'CAN195');
INSERT INTO `parroquias` VALUES ('PAR1046', 'Abraham Calazacón', 'CAN195');
INSERT INTO `parroquias` VALUES ('PAR1047', 'Bombolí', 'CAN195');
INSERT INTO `parroquias` VALUES ('PAR1048', 'Chiguilpe', 'CAN195');
INSERT INTO `parroquias` VALUES ('PAR1049', 'Río Toachi', 'CAN195');
INSERT INTO `parroquias` VALUES ('PAR105', 'Sayausí', 'CAN23');
INSERT INTO `parroquias` VALUES ('PAR1050', 'Río Verde', 'CAN195');
INSERT INTO `parroquias` VALUES ('PAR1051', 'Santo Domingo de los Colorados', 'CAN195');
INSERT INTO `parroquias` VALUES ('PAR1052', 'Zaracay', 'CAN195');
INSERT INTO `parroquias` VALUES ('PAR1053', 'La Concordia', 'CAN196');
INSERT INTO `parroquias` VALUES ('PAR1054', ' Dureno', 'CAN197');
INSERT INTO `parroquias` VALUES ('PAR1055', 'General Farfán', 'CAN197');
INSERT INTO `parroquias` VALUES ('PAR1056', 'El Eno', 'CAN197');
INSERT INTO `parroquias` VALUES ('PAR1057', 'Pacayacu', 'CAN197');
INSERT INTO `parroquias` VALUES ('PAR1058', 'Jambelí', 'CAN197');
INSERT INTO `parroquias` VALUES ('PAR1059', 'Santa Cecilia', 'CAN197');
INSERT INTO `parroquias` VALUES ('PAR106', 'Sidcay', 'CAN23');
INSERT INTO `parroquias` VALUES ('PAR1060', '10 de Agosto', 'CAN197');
INSERT INTO `parroquias` VALUES ('PAR1061', 'Nueva Loja', 'CAN197');
INSERT INTO `parroquias` VALUES ('PAR1062', 'Santa Rosa de Sucumbíos', 'CAN198');
INSERT INTO `parroquias` VALUES ('PAR1063', 'Sevilla', 'CAN198');
INSERT INTO `parroquias` VALUES ('PAR1064', 'El Dorado de Cascales', 'CAN198');
INSERT INTO `parroquias` VALUES ('PAR1065', 'Cuyabeno', 'CAN199');
INSERT INTO `parroquias` VALUES ('PAR1066', 'Aguas Negras', 'CAN199');
INSERT INTO `parroquias` VALUES ('PAR1067', 'Tarapoa', 'CAN199');
INSERT INTO `parroquias` VALUES ('PAR1068', ' El Reventador', 'CAN200');
INSERT INTO `parroquias` VALUES ('PAR1069', 'Gonzalo Pizarro', 'CAN200');
INSERT INTO `parroquias` VALUES ('PAR107', 'Sinincay', 'CAN23');
INSERT INTO `parroquias` VALUES ('PAR1070', 'Puerto Libre', 'CAN200');
INSERT INTO `parroquias` VALUES ('PAR1071', 'Lumbaqui', 'CAN200');
INSERT INTO `parroquias` VALUES ('PAR1072', 'Palma Roja', 'CAN201');
INSERT INTO `parroquias` VALUES ('PAR1073', 'Puerto Bolívar', 'CAN201');
INSERT INTO `parroquias` VALUES ('PAR1074', 'Puerto Rodríguez', 'CAN201');
INSERT INTO `parroquias` VALUES ('PAR1075', 'Santa Elena', 'CAN201');
INSERT INTO `parroquias` VALUES ('PAR1076', 'El Carmen del Putumayo', 'CAN201');
INSERT INTO `parroquias` VALUES ('PAR1077', 'Limoncocha', 'CAN202');
INSERT INTO `parroquias` VALUES ('PAR1078', 'Pañacocha', 'CAN202');
INSERT INTO `parroquias` VALUES ('PAR1079', 'San Pedro de los Cofanes', 'CAN202');
INSERT INTO `parroquias` VALUES ('PAR108', 'Tarqui Cuenca', 'CAN23');
INSERT INTO `parroquias` VALUES ('PAR1080', ' San Roque', 'CAN202');
INSERT INTO `parroquias` VALUES ('PAR1081', 'Siete de Julio', 'CAN202');
INSERT INTO `parroquias` VALUES ('PAR1082', 'El Playón de San Francisco', 'CAN203');
INSERT INTO `parroquias` VALUES ('PAR1083', 'La Sofía', 'CAN203');
INSERT INTO `parroquias` VALUES ('PAR1084', 'Rosa Florida', 'CAN203');
INSERT INTO `parroquias` VALUES ('PAR1085', 'Santa Bárbara', 'CAN203');
INSERT INTO `parroquias` VALUES ('PAR1086', 'La Bonita', 'CAN203');
INSERT INTO `parroquias` VALUES ('PAR1087', 'Ambatillo', 'CAN204');
INSERT INTO `parroquias` VALUES ('PAR1088', 'Atahualpa', 'CAN204');
INSERT INTO `parroquias` VALUES ('PAR1089', 'Augusto N. Martínez', 'CAN204');
INSERT INTO `parroquias` VALUES ('PAR109', 'Turi', 'CAN23');
INSERT INTO `parroquias` VALUES ('PAR1090', 'Constantino Fernández', 'CAN204');
INSERT INTO `parroquias` VALUES ('PAR1091', 'Huachi Grande', 'CAN204');
INSERT INTO `parroquias` VALUES ('PAR1092', 'Izamba', 'CAN204');
INSERT INTO `parroquias` VALUES ('PAR1093', 'Juan Benigno Vela', 'CAN204');
INSERT INTO `parroquias` VALUES ('PAR1094', 'Montalvo', 'CAN204');
INSERT INTO `parroquias` VALUES ('PAR1095', 'Pasa', 'CAN204');
INSERT INTO `parroquias` VALUES ('PAR1096', 'Picaigua', 'CAN204');
INSERT INTO `parroquias` VALUES ('PAR1097', 'Pilagüín', 'CAN204');
INSERT INTO `parroquias` VALUES ('PAR1098', 'Quisapincha', 'CAN204');
INSERT INTO `parroquias` VALUES ('PAR1099', 'San Bartolomé de Pinllog', 'CAN204');
INSERT INTO `parroquias` VALUES ('PAR11', 'Alhajuela', 'CAN02');
INSERT INTO `parroquias` VALUES ('PAR110', 'Valle', 'CAN23');
INSERT INTO `parroquias` VALUES ('PAR1100', 'San Fernando', 'CAN204');
INSERT INTO `parroquias` VALUES ('PAR1101', 'Santa Rosa', 'CAN204');
INSERT INTO `parroquias` VALUES ('PAR1102', 'Totoras', 'CAN204');
INSERT INTO `parroquias` VALUES ('PAR1103', 'Cunchibamba', 'CAN204');
INSERT INTO `parroquias` VALUES ('PAR1104', 'Unamuncho', 'CAN204');
INSERT INTO `parroquias` VALUES ('PAR1105', 'Atocha – Ficoa', 'CAN204');
INSERT INTO `parroquias` VALUES ('PAR1106', 'Celiano Monge', 'CAN204');
INSERT INTO `parroquias` VALUES ('PAR1107', 'Huachi Chico', 'CAN204');
INSERT INTO `parroquias` VALUES ('PAR1108', 'Huachi Loreto', 'CAN204');
INSERT INTO `parroquias` VALUES ('PAR1109', 'La Merced', 'CAN204');
INSERT INTO `parroquias` VALUES ('PAR111', 'Victoria del Portete', 'CAN23');
INSERT INTO `parroquias` VALUES ('PAR1110', 'La Península', 'CAN204');
INSERT INTO `parroquias` VALUES ('PAR1111', 'Matriz', 'CAN204');
INSERT INTO `parroquias` VALUES ('PAR1112', 'Pishilata', 'CAN204');
INSERT INTO `parroquias` VALUES ('PAR1113', 'San Francisco', 'CAN204');
INSERT INTO `parroquias` VALUES ('PAR1114', 'Lligua', 'CAN205');
INSERT INTO `parroquias` VALUES ('PAR1115', 'Río Negro', 'CAN205');
INSERT INTO `parroquias` VALUES ('PAR1116', 'Río Verde', 'CAN205');
INSERT INTO `parroquias` VALUES ('PAR1117', 'Ulba', 'CAN205');
INSERT INTO `parroquias` VALUES ('PAR1118', 'Agua Santa', 'CAN205');
INSERT INTO `parroquias` VALUES ('PAR1119', 'Cevallos', 'CAN206');
INSERT INTO `parroquias` VALUES ('PAR112', 'Bellavista Cuenca', 'CAN23');
INSERT INTO `parroquias` VALUES ('PAR1120', 'Pinguilí ', 'CAN207');
INSERT INTO `parroquias` VALUES ('PAR1121', 'El Triunfo', 'CAN208');
INSERT INTO `parroquias` VALUES ('PAR1122', 'Los Andes', 'CAN208');
INSERT INTO `parroquias` VALUES ('PAR1123', 'Sucre', 'CAN208');
INSERT INTO `parroquias` VALUES ('PAR1124', 'Sucre – Patate urcu', 'CAN208');
INSERT INTO `parroquias` VALUES ('PAR1125', 'Benítez', 'CAN209');
INSERT INTO `parroquias` VALUES ('PAR1126', 'Bolívar', 'CAN209');
INSERT INTO `parroquias` VALUES ('PAR1127', 'Cotaló', 'CAN209');
INSERT INTO `parroquias` VALUES ('PAR1128', 'Chiquicha', 'CAN209');
INSERT INTO `parroquias` VALUES ('PAR1129', 'El Rosario', 'CAN209');
INSERT INTO `parroquias` VALUES ('PAR113', 'Cañaribamba', 'CAN23');
INSERT INTO `parroquias` VALUES ('PAR1130', 'García Moreno', 'CAN209');
INSERT INTO `parroquias` VALUES ('PAR1131', 'Huambaló', 'CAN209');
INSERT INTO `parroquias` VALUES ('PAR1132', 'Salasaca', 'CAN209');
INSERT INTO `parroquias` VALUES ('PAR1133', 'Pelileo', 'CAN209');
INSERT INTO `parroquias` VALUES ('PAR1134', 'Pelileo Grande', 'CAN209');
INSERT INTO `parroquias` VALUES ('PAR1135', 'Rumipamba', 'CAN210');
INSERT INTO `parroquias` VALUES ('PAR1136', 'Yanayacu – Mochapata', 'CAN210');
INSERT INTO `parroquias` VALUES ('PAR1137', 'Baquerizo Moreno', 'CAN211');
INSERT INTO `parroquias` VALUES ('PAR1138', 'Emilio María Terán', 'CAN211');
INSERT INTO `parroquias` VALUES ('PAR1139', 'Marcos Espinel', 'CAN211');
INSERT INTO `parroquias` VALUES ('PAR114', 'El Batán', 'CAN23');
INSERT INTO `parroquias` VALUES ('PAR1140', 'Presidente Urbina', 'CAN211');
INSERT INTO `parroquias` VALUES ('PAR1141', 'San Andrés', 'CAN211');
INSERT INTO `parroquias` VALUES ('PAR1142', 'San José de Poaló', 'CAN211');
INSERT INTO `parroquias` VALUES ('PAR1143', 'San Miguelito', 'CAN211');
INSERT INTO `parroquias` VALUES ('PAR1144', 'Ciudad Nueva', 'CAN211');
INSERT INTO `parroquias` VALUES ('PAR1145', 'Píllaro', 'CAN211');
INSERT INTO `parroquias` VALUES ('PAR1146', 'Quinchicoto', 'CAN212');
INSERT INTO `parroquias` VALUES ('PAR1147', 'Cumbaratza', 'CAN213');
INSERT INTO `parroquias` VALUES ('PAR1148', 'Guadalupe', 'CAN213');
INSERT INTO `parroquias` VALUES ('PAR1149', 'Imbana', 'CAN213');
INSERT INTO `parroquias` VALUES ('PAR115', 'El Sagrario', 'CAN23');
INSERT INTO `parroquias` VALUES ('PAR1150', 'Sabanilla', 'CAN213');
INSERT INTO `parroquias` VALUES ('PAR1151', 'Timbara', 'CAN213');
INSERT INTO `parroquias` VALUES ('PAR1152', 'San Carlos de las Minas', 'CAN213');
INSERT INTO `parroquias` VALUES ('PAR1153', 'El Limón', 'CAN213');
INSERT INTO `parroquias` VALUES ('PAR1154', 'Zamora', 'CAN213');
INSERT INTO `parroquias` VALUES ('PAR1155', 'Triunfo-Dorado', 'CAN214');
INSERT INTO `parroquias` VALUES ('PAR1156', 'Panguintza', 'CAN214');
INSERT INTO `parroquias` VALUES ('PAR1157', 'Zumbi', 'CAN214');
INSERT INTO `parroquias` VALUES ('PAR1158', 'Chito', 'CAN215');
INSERT INTO `parroquias` VALUES ('PAR1159', 'El Chorro', 'CAN215');
INSERT INTO `parroquias` VALUES ('PAR116', 'El Vecino', 'CAN23');
INSERT INTO `parroquias` VALUES ('PAR1160', 'La Chonta', 'CAN215');
INSERT INTO `parroquias` VALUES ('PAR1161', 'Pucapamba', 'CAN215');
INSERT INTO `parroquias` VALUES ('PAR1162', 'San Andrés', 'CAN215');
INSERT INTO `parroquias` VALUES ('PAR1163', 'Zumba', 'CAN215');
INSERT INTO `parroquias` VALUES ('PAR1164', 'El Guisme', 'CAN216');
INSERT INTO `parroquias` VALUES ('PAR1165', 'Pachicutza', 'CAN216');
INSERT INTO `parroquias` VALUES ('PAR1166', 'Tundayme', 'CAN216');
INSERT INTO `parroquias` VALUES ('PAR1167', 'Guayzimi', 'CAN217');
INSERT INTO `parroquias` VALUES ('PAR1168', 'Zurmi', 'CAN217');
INSERT INTO `parroquias` VALUES ('PAR1169', 'Nuevo Paraíso', 'CAN217');
INSERT INTO `parroquias` VALUES ('PAR117', 'Gil Ramírez Dávalos', 'CAN23');
INSERT INTO `parroquias` VALUES ('PAR1170', 'El Porvenir del Carmen', 'CAN218');
INSERT INTO `parroquias` VALUES ('PAR1171', 'San Francisco del Vergel', 'CAN218');
INSERT INTO `parroquias` VALUES ('PAR1172', 'Valladolid', 'CAN218');
INSERT INTO `parroquias` VALUES ('PAR1173', 'La Canela', 'CAN218');
INSERT INTO `parroquias` VALUES ('PAR1174', 'Bellavista', 'CAN219');
INSERT INTO `parroquias` VALUES ('PAR1175', 'Nuevo Quito', 'CAN219');
INSERT INTO `parroquias` VALUES ('PAR1176', 'La Paz', 'CAN220');
INSERT INTO `parroquias` VALUES ('PAR1177', 'Tutupali', 'CAN220');
INSERT INTO `parroquias` VALUES ('PAR1178', '28 de Mayo', 'CAN220');
INSERT INTO `parroquias` VALUES ('PAR1179', 'Chicaña', 'CAN221');
INSERT INTO `parroquias` VALUES ('PAR118', 'Hermano Miguel', 'CAN23');
INSERT INTO `parroquias` VALUES ('PAR1180', 'Los Encuentros', 'CAN221');
INSERT INTO `parroquias` VALUES ('PAR119', 'Huayna Cápac', 'CAN23');
INSERT INTO `parroquias` VALUES ('PAR12', 'Calderón', 'CAN02');
INSERT INTO `parroquias` VALUES ('PAR120', 'Machángara', 'CAN23');
INSERT INTO `parroquias` VALUES ('PAR121', 'Monay', 'CAN23');
INSERT INTO `parroquias` VALUES ('PAR122', 'San Sebastián Cuenca', 'CAN23');
INSERT INTO `parroquias` VALUES ('PAR123', 'Sucre Cuenca', 'CAN23');
INSERT INTO `parroquias` VALUES ('PAR124', 'Totoracocha Cuenca', 'CAN23');
INSERT INTO `parroquias` VALUES ('PAR125', 'Yanuncay', 'CAN23');
INSERT INTO `parroquias` VALUES ('PAR126', 'Cuenca', 'CAN23');
INSERT INTO `parroquias` VALUES ('PAR127', 'El Carmen de Pijilí', 'CAN24');
INSERT INTO `parroquias` VALUES ('PAR128', 'Chordeleg', 'CAN25');
INSERT INTO `parroquias` VALUES ('PAR129', 'La Unión', 'CAN25');
INSERT INTO `parroquias` VALUES ('PAR13', 'Chirijos', 'CAN02');
INSERT INTO `parroquias` VALUES ('PAR130', 'Luis Galarza Orellana', 'CAN25');
INSERT INTO `parroquias` VALUES ('PAR131', 'San Martín de Puzhio', 'CAN25');
INSERT INTO `parroquias` VALUES ('PAR132', 'San Vicente', 'CAN26');
INSERT INTO `parroquias` VALUES ('PAR133', 'Asunción', 'CAN27');
INSERT INTO `parroquias` VALUES ('PAR134', 'San Gerardo', 'CAN27');
INSERT INTO `parroquias` VALUES ('PAR135', 'Guachapala', 'CAN28');
INSERT INTO `parroquias` VALUES ('PAR136', 'Daniel Córdova Toral', 'CAN29');
INSERT INTO `parroquias` VALUES ('PAR137', 'Jadán', 'CAN29');
INSERT INTO `parroquias` VALUES ('PAR138', 'Luis Cordero Vega', 'CAN29');
INSERT INTO `parroquias` VALUES ('PAR139', 'Mariano Moreno', 'CAN29');
INSERT INTO `parroquias` VALUES ('PAR14', 'Crucita', 'CAN02');
INSERT INTO `parroquias` VALUES ('PAR140', 'Remigio Crespo Toral', 'CAN29');
INSERT INTO `parroquias` VALUES ('PAR141', 'San Juan', 'CAN29');
INSERT INTO `parroquias` VALUES ('PAR142', 'Simón Bolívar', 'CAN29');
INSERT INTO `parroquias` VALUES ('PAR143', 'Zhidmad', 'CAN29');
INSERT INTO `parroquias` VALUES ('PAR144', 'Gualaceo', 'CAN29');
INSERT INTO `parroquias` VALUES ('PAR145', 'Cochapata', 'CAN30');
INSERT INTO `parroquias` VALUES ('PAR146', 'El Progreso', 'CAN30');
INSERT INTO `parroquias` VALUES ('PAR147', 'Las Nieves', 'CAN30');
INSERT INTO `parroquias` VALUES ('PAR148', 'Susudel', 'CAN31');
INSERT INTO `parroquias` VALUES ('PAR149', 'Bulán', 'CAN32');
INSERT INTO `parroquias` VALUES ('PAR15', 'Pueblo Nuevo', 'CAN02');
INSERT INTO `parroquias` VALUES ('PAR150', 'Chicán', 'CAN32');
INSERT INTO `parroquias` VALUES ('PAR151', 'Dug', 'CAN32');
INSERT INTO `parroquias` VALUES ('PAR152', 'El Cabo', 'CAN32');
INSERT INTO `parroquias` VALUES ('PAR153', 'Guarainag', 'CAN32');
INSERT INTO `parroquias` VALUES ('PAR154', 'San Cristóbal', 'CAN32');
INSERT INTO `parroquias` VALUES ('PAR155', 'Tomebamba', 'CAN32');
INSERT INTO `parroquias` VALUES ('PAR156', 'San Rafael de Sharug', 'CAN33');
INSERT INTO `parroquias` VALUES ('PAR157', 'Chumblín', 'CAN34');
INSERT INTO `parroquias` VALUES ('PAR158', 'Abdón Calderón', 'CAN35');
INSERT INTO `parroquias` VALUES ('PAR159', 'San Salvador de Cañaribamba', 'CAN35');
INSERT INTO `parroquias` VALUES ('PAR16', 'Riochico', 'CAN02');
INSERT INTO `parroquias` VALUES ('PAR160', 'Zhaglli', 'CAN35');
INSERT INTO `parroquias` VALUES ('PAR161', 'Amaluza', 'CAN36');
INSERT INTO `parroquias` VALUES ('PAR162', 'Palmas', 'CAN36');
INSERT INTO `parroquias` VALUES ('PAR163', 'Cuchil', 'CAN37');
INSERT INTO `parroquias` VALUES ('PAR164', 'Gima', 'CAN37');
INSERT INTO `parroquias` VALUES ('PAR165', 'Güel', 'CAN37');
INSERT INTO `parroquias` VALUES ('PAR166', 'Ludo', 'CAN37');
INSERT INTO `parroquias` VALUES ('PAR167', 'San Bartolomé', 'CAN37');
INSERT INTO `parroquias` VALUES ('PAR168', 'San José de Raranga', 'CAN37');
INSERT INTO `parroquias` VALUES ('PAR169', 'Facundo Vela', 'CAN38');
INSERT INTO `parroquias` VALUES ('PAR17', 'San Plácido', 'CAN02');
INSERT INTO `parroquias` VALUES ('PAR170', 'Julio E. Moreno', 'CAN38');
INSERT INTO `parroquias` VALUES ('PAR171', 'Salinas', 'CAN38');
INSERT INTO `parroquias` VALUES ('PAR172', 'San Lorenzo', 'CAN38');
INSERT INTO `parroquias` VALUES ('PAR173', 'San Luis de Pambil', 'CAN38');
INSERT INTO `parroquias` VALUES ('PAR174', 'San Simón', 'CAN38');
INSERT INTO `parroquias` VALUES ('PAR175', 'Santafé', 'CAN38');
INSERT INTO `parroquias` VALUES ('PAR176', 'Simiátug', 'CAN38');
INSERT INTO `parroquias` VALUES ('PAR177', 'Ángel Polibio Chaves', 'CAN38');
INSERT INTO `parroquias` VALUES ('PAR178', 'Gabriel Ignacio Veintimilla', 'CAN38');
INSERT INTO `parroquias` VALUES ('PAR179', 'Guanujo', 'CAN38');
INSERT INTO `parroquias` VALUES ('PAR18', '12 de Marzo', 'CAN02');
INSERT INTO `parroquias` VALUES ('PAR180', 'Guaranda', 'CAN38');
INSERT INTO `parroquias` VALUES ('PAR181', 'Caluma', 'CAN39');
INSERT INTO `parroquias` VALUES ('PAR182', 'San José del Tambo', 'CAN40');
INSERT INTO `parroquias` VALUES ('PAR183', 'Asunción', 'CAN41');
INSERT INTO `parroquias` VALUES ('PAR184', 'Magdalena', 'CAN41');
INSERT INTO `parroquias` VALUES ('PAR185', 'San Sebastián', 'CAN41');
INSERT INTO `parroquias` VALUES ('PAR186', 'Telimbela', 'CAN41');
INSERT INTO `parroquias` VALUES ('PAR187', 'Echeandía', 'CAN42');
INSERT INTO `parroquias` VALUES ('PAR188', 'Las Mercedes', 'CAN43');
INSERT INTO `parroquias` VALUES ('PAR189', 'Las Naves', 'CAN43');
INSERT INTO `parroquias` VALUES ('PAR19', 'Colón', 'CAN02');
INSERT INTO `parroquias` VALUES ('PAR190', 'Balsapamba', 'CAN44');
INSERT INTO `parroquias` VALUES ('PAR191', 'Bilován', 'CAN44');
INSERT INTO `parroquias` VALUES ('PAR192', 'Régulo de Mora', 'CAN44');
INSERT INTO `parroquias` VALUES ('PAR193', 'San Pablo', 'CAN44');
INSERT INTO `parroquias` VALUES ('PAR194', 'San Vicente', 'CAN44');
INSERT INTO `parroquias` VALUES ('PAR195', 'Santiago', 'CAN44');
INSERT INTO `parroquias` VALUES ('PAR196', 'Cojitambo', 'CAN45');
INSERT INTO `parroquias` VALUES ('PAR197', 'Guapán', 'CAN45');
INSERT INTO `parroquias` VALUES ('PAR198', 'Javier Loyola', 'CAN45');
INSERT INTO `parroquias` VALUES ('PAR199', 'Luis Cordero', 'CAN45');
INSERT INTO `parroquias` VALUES ('PAR20', 'Picoazá', 'CAN02');
INSERT INTO `parroquias` VALUES ('PAR200', 'Pindilig', 'CAN45');
INSERT INTO `parroquias` VALUES ('PAR201', 'Rivera', 'CAN45');
INSERT INTO `parroquias` VALUES ('PAR202', 'San Miguel', 'CAN45');
INSERT INTO `parroquias` VALUES ('PAR203', 'Taday', 'CAN45');
INSERT INTO `parroquias` VALUES ('PAR204', 'Aurelio Bayas Martínez', 'CAN45');
INSERT INTO `parroquias` VALUES ('PAR205', 'Azogues', 'CAN45');
INSERT INTO `parroquias` VALUES ('PAR206', 'Borrero', 'CAN45');
INSERT INTO `parroquias` VALUES ('PAR207', 'San Francisco', 'CAN45');
INSERT INTO `parroquias` VALUES ('PAR208', 'Azogues', 'CAN45');
INSERT INTO `parroquias` VALUES ('PAR209', 'Jerusalén', 'CAN46');
INSERT INTO `parroquias` VALUES ('PAR21', 'San Pablo', 'CAN02');
INSERT INTO `parroquias` VALUES ('PAR210', 'Nazón', 'CAN46');
INSERT INTO `parroquias` VALUES ('PAR211', 'San Francisco de Sageo', 'CAN46');
INSERT INTO `parroquias` VALUES ('PAR212', 'Turupamba', 'CAN46');
INSERT INTO `parroquias` VALUES ('PAR213', 'Chontamarca', 'CAN47');
INSERT INTO `parroquias` VALUES ('PAR214', 'Chorocopte', 'CAN47');
INSERT INTO `parroquias` VALUES ('PAR215', 'Ducur', 'CAN47');
INSERT INTO `parroquias` VALUES ('PAR216', 'General Morales', 'CAN47');
INSERT INTO `parroquias` VALUES ('PAR217', 'Gualleturo', 'CAN47');
INSERT INTO `parroquias` VALUES ('PAR218', 'Honorato Vásquez', 'CAN47');
INSERT INTO `parroquias` VALUES ('PAR219', 'Ingapirca', 'CAN47');
INSERT INTO `parroquias` VALUES ('PAR22', 'Andrés de Vera', 'CAN02');
INSERT INTO `parroquias` VALUES ('PAR220', 'Juncal', 'CAN47');
INSERT INTO `parroquias` VALUES ('PAR221', 'San Antonio', 'CAN47');
INSERT INTO `parroquias` VALUES ('PAR222', 'Ventura', 'CAN47');
INSERT INTO `parroquias` VALUES ('PAR223', 'Zhud', 'CAN47');
INSERT INTO `parroquias` VALUES ('PAR224', 'Solano', 'CAN48');
INSERT INTO `parroquias` VALUES ('PAR225', 'El Tambo', 'CAN49');
INSERT INTO `parroquias` VALUES ('PAR226', 'Manuel J. Calle', 'CAN50');
INSERT INTO `parroquias` VALUES ('PAR227', 'Pancho Negro', 'CAN50');
INSERT INTO `parroquias` VALUES ('PAR228', 'Suscal', 'CAN51');
INSERT INTO `parroquias` VALUES ('PAR229', 'El Carmelo', 'CAN52');
INSERT INTO `parroquias` VALUES ('PAR23', 'Francisco Pacheco', 'CAN02');
INSERT INTO `parroquias` VALUES ('PAR230', 'El Chical', 'CAN52');
INSERT INTO `parroquias` VALUES ('PAR231', 'Julio Andrade', 'CAN52');
INSERT INTO `parroquias` VALUES ('PAR232', 'Maldonado', 'CAN52');
INSERT INTO `parroquias` VALUES ('PAR233', 'Pioter', 'CAN52');
INSERT INTO `parroquias` VALUES ('PAR234', 'Santa Martha de Cuba', 'CAN52');
INSERT INTO `parroquias` VALUES ('PAR235', 'Tobar Donoso', 'CAN52');
INSERT INTO `parroquias` VALUES ('PAR236', 'Tufiño', 'CAN52');
INSERT INTO `parroquias` VALUES ('PAR237', 'González Suárez', 'CAN52');
INSERT INTO `parroquias` VALUES ('PAR238', 'García Moreno', 'CAN53');
INSERT INTO `parroquias` VALUES ('PAR239', 'Los Andes', 'CAN53');
INSERT INTO `parroquias` VALUES ('PAR24', '18 de Octubre', 'CAN02');
INSERT INTO `parroquias` VALUES ('PAR240', ' Monte Olivo', 'CAN53');
INSERT INTO `parroquias` VALUES ('PAR241', 'San Vicente de Pusir', 'CAN53');
INSERT INTO `parroquias` VALUES ('PAR242', 'San Rafael', 'CAN53');
INSERT INTO `parroquias` VALUES ('PAR243', 'El Goaltal', 'CAN54');
INSERT INTO `parroquias` VALUES ('PAR244', 'La libertad', 'CAN54');
INSERT INTO `parroquias` VALUES ('PAR245', 'San Isidro', 'CAN54');
INSERT INTO `parroquias` VALUES ('PAR246', 'El Ángel', 'CAN54');
INSERT INTO `parroquias` VALUES ('PAR247', '27 de Septiembre', 'CAN54');
INSERT INTO `parroquias` VALUES ('PAR248', 'Concepción', 'CAN55');
INSERT INTO `parroquias` VALUES ('PAR249', 'Jijón y Caamaño', 'CAN55');
INSERT INTO `parroquias` VALUES ('PAR25', 'Simón Bolívar', 'CAN02');
INSERT INTO `parroquias` VALUES ('PAR250', 'Juan Montalvo', 'CAN55');
INSERT INTO `parroquias` VALUES ('PAR251', 'Cristóbal Colón', 'CAN56');
INSERT INTO `parroquias` VALUES ('PAR252', 'Chitán de Navarrete', 'CAN56');
INSERT INTO `parroquias` VALUES ('PAR253', ' Fernández Salvador', 'CAN56');
INSERT INTO `parroquias` VALUES ('PAR254', ' La Paz', 'CAN56');
INSERT INTO `parroquias` VALUES ('PAR255', 'Piartal', 'CAN56');
INSERT INTO `parroquias` VALUES ('PAR256', 'González Suárez', 'CAN56');
INSERT INTO `parroquias` VALUES ('PAR257', 'San José', 'CAN56');
INSERT INTO `parroquias` VALUES ('PAR258', 'Mariscal Sucre', 'CAN57');
INSERT INTO `parroquias` VALUES ('PAR259', 'Cacha', 'CAN58');
INSERT INTO `parroquias` VALUES ('PAR26', 'Bellavista', 'CAN03');
INSERT INTO `parroquias` VALUES ('PAR260', 'Calpi', 'CAN58');
INSERT INTO `parroquias` VALUES ('PAR261', 'Cubijíes', 'CAN58');
INSERT INTO `parroquias` VALUES ('PAR262', 'Flores', 'CAN58');
INSERT INTO `parroquias` VALUES ('PAR263', 'Licán', 'CAN58');
INSERT INTO `parroquias` VALUES ('PAR264', 'Licto', 'CAN58');
INSERT INTO `parroquias` VALUES ('PAR265', 'Pungala', 'CAN58');
INSERT INTO `parroquias` VALUES ('PAR266', 'Punín', 'CAN58');
INSERT INTO `parroquias` VALUES ('PAR267', 'Quimiag', 'CAN58');
INSERT INTO `parroquias` VALUES ('PAR268', 'San Juan', 'CAN58');
INSERT INTO `parroquias` VALUES ('PAR269', 'San Luis', 'CAN58');
INSERT INTO `parroquias` VALUES ('PAR27', 'Noboa', 'CAN03');
INSERT INTO `parroquias` VALUES ('PAR270', 'Lizarzaburu', 'CAN58');
INSERT INTO `parroquias` VALUES ('PAR271', 'Maldonado', 'CAN58');
INSERT INTO `parroquias` VALUES ('PAR272', 'Velasco', 'CAN58');
INSERT INTO `parroquias` VALUES ('PAR273', 'Veloz', 'CAN58');
INSERT INTO `parroquias` VALUES ('PAR274', 'Yaruquíes', 'CAN58');
INSERT INTO `parroquias` VALUES ('PAR275', 'Riobamba', 'CAN58');
INSERT INTO `parroquias` VALUES ('PAR276', 'Achupallas', 'CAN59');
INSERT INTO `parroquias` VALUES ('PAR277', 'Guasuntos', 'CAN59');
INSERT INTO `parroquias` VALUES ('PAR278', 'Huigra', 'CAN59');
INSERT INTO `parroquias` VALUES ('PAR279', 'Multitud', 'CAN59');
INSERT INTO `parroquias` VALUES ('PAR28', 'Chirijos', 'CAN03');
INSERT INTO `parroquias` VALUES ('PAR280', 'PistishÍ', 'CAN59');
INSERT INTO `parroquias` VALUES ('PAR281', 'Pumallacta', 'CAN59');
INSERT INTO `parroquias` VALUES ('PAR282', 'Sevilla', 'CAN59');
INSERT INTO `parroquias` VALUES ('PAR283', 'Sibambe', 'CAN59');
INSERT INTO `parroquias` VALUES ('PAR284', 'Tixán', 'CAN59');
INSERT INTO `parroquias` VALUES ('PAR285', 'Chambo ', 'CAN60');
INSERT INTO `parroquias` VALUES ('PAR286', 'Capzol', 'CAN61');
INSERT INTO `parroquias` VALUES ('PAR287', 'Comud', 'CAN61');
INSERT INTO `parroquias` VALUES ('PAR288', 'Gonzol', 'CAN61');
INSERT INTO `parroquias` VALUES ('PAR289', 'Llagos', 'CAN61');
INSERT INTO `parroquias` VALUES ('PAR29', 'Arquitecto Sixto Durán Ballén', 'CAN03');
INSERT INTO `parroquias` VALUES ('PAR290', 'Cañi', 'CAN62');
INSERT INTO `parroquias` VALUES ('PAR291', 'Columbe', 'CAN62');
INSERT INTO `parroquias` VALUES ('PAR292', 'Juan de Velasco', 'CAN62');
INSERT INTO `parroquias` VALUES ('PAR293', 'Santiago de Quito', 'CAN62');
INSERT INTO `parroquias` VALUES ('PAR294', 'Cajabamba', 'CAN62');
INSERT INTO `parroquias` VALUES ('PAR295', 'Cumandá', 'CAN63');
INSERT INTO `parroquias` VALUES ('PAR296', 'Cebadas', 'CAN64');
INSERT INTO `parroquias` VALUES ('PAR297', 'Palmira', 'CAN64');
INSERT INTO `parroquias` VALUES ('PAR298', 'Guanando', 'CAN65');
INSERT INTO `parroquias` VALUES ('PAR299', 'Ilapo', 'CAN65');
INSERT INTO `parroquias` VALUES ('PAR30', 'Sucre', 'CAN03');
INSERT INTO `parroquias` VALUES ('PAR300', 'La Providencia', 'CAN65');
INSERT INTO `parroquias` VALUES ('PAR301', 'San Andrés', 'CAN65');
INSERT INTO `parroquias` VALUES ('PAR302', 'San Gerardo de Pacaicaguán', 'CAN65');
INSERT INTO `parroquias` VALUES ('PAR303', 'San Isidro de Patulú', 'CAN65');
INSERT INTO `parroquias` VALUES ('PAR304', 'San José del Chazo', 'CAN65');
INSERT INTO `parroquias` VALUES ('PAR305', 'Santa Fe de Galán', 'CAN65');
INSERT INTO `parroquias` VALUES ('PAR306', 'Valparaíso', 'CAN65');
INSERT INTO `parroquias` VALUES ('PAR307', 'El Rosario', 'CAN65');
INSERT INTO `parroquias` VALUES ('PAR308', 'Guano', 'CAN65');
INSERT INTO `parroquias` VALUES ('PAR309', 'Pallatanga ', 'CAN66');
INSERT INTO `parroquias` VALUES ('PAR31', 'Membrillo', 'CAN04');
INSERT INTO `parroquias` VALUES ('PAR310', ' Bilbao', 'CAN67');
INSERT INTO `parroquias` VALUES ('PAR311', 'El Altar', 'CAN67');
INSERT INTO `parroquias` VALUES ('PAR312', 'La Candelaria', 'CAN67');
INSERT INTO `parroquias` VALUES ('PAR313', 'Matus', 'CAN67');
INSERT INTO `parroquias` VALUES ('PAR314', ' Puela', 'CAN67');
INSERT INTO `parroquias` VALUES ('PAR315', 'San Antonio de Bayushig', 'CAN67');
INSERT INTO `parroquias` VALUES ('PAR316', '11 de Noviembre', 'CAN68');
INSERT INTO `parroquias` VALUES ('PAR317', 'Alaques', 'CAN68');
INSERT INTO `parroquias` VALUES ('PAR318', 'Belisario Quevedo', 'CAN68');
INSERT INTO `parroquias` VALUES ('PAR319', 'Guaitacama', 'CAN68');
INSERT INTO `parroquias` VALUES ('PAR32', 'Quiroga', 'CAN04');
INSERT INTO `parroquias` VALUES ('PAR320', 'Joseguango Bajo', 'CAN68');
INSERT INTO `parroquias` VALUES ('PAR321', 'Mulaló', 'CAN68');
INSERT INTO `parroquias` VALUES ('PAR322', 'Poaló', 'CAN68');
INSERT INTO `parroquias` VALUES ('PAR323', 'San Juan de Pastocalle', 'CAN68');
INSERT INTO `parroquias` VALUES ('PAR324', 'Tanicuchí', 'CAN68');
INSERT INTO `parroquias` VALUES ('PAR325', 'Toacaso', 'CAN68');
INSERT INTO `parroquias` VALUES ('PAR326', ' Eloy Alfaro', 'CAN68');
INSERT INTO `parroquias` VALUES ('PAR327', 'Ignacio Flores', 'CAN68');
INSERT INTO `parroquias` VALUES ('PAR328', 'Juan Montalvo', 'CAN68');
INSERT INTO `parroquias` VALUES ('PAR329', 'La Matriz', 'CAN68');
INSERT INTO `parroquias` VALUES ('PAR33', 'Calceta', 'CAN04');
INSERT INTO `parroquias` VALUES ('PAR330', 'San Buenaventura', 'CAN68');
INSERT INTO `parroquias` VALUES ('PAR331', 'Latacunga ', 'CAN68');
INSERT INTO `parroquias` VALUES ('PAR332', 'Guasaganda', 'CAN69');
INSERT INTO `parroquias` VALUES ('PAR333', 'Pucayacu', 'CAN69');
INSERT INTO `parroquias` VALUES ('PAR334', 'El Carmen', 'CAN69');
INSERT INTO `parroquias` VALUES ('PAR335', 'La Maná', 'CAN69');
INSERT INTO `parroquias` VALUES ('PAR336', 'El Triunfo', 'CAN69');
INSERT INTO `parroquias` VALUES ('PAR337', 'Moraspungo', 'CAN70');
INSERT INTO `parroquias` VALUES ('PAR338', 'Pinllopata', 'CAN70');
INSERT INTO `parroquias` VALUES ('PAR339', 'Ramón Campaña', 'CAN70');
INSERT INTO `parroquias` VALUES ('PAR34', 'Boyacá', 'CAN05');
INSERT INTO `parroquias` VALUES ('PAR340', 'El Corazón', 'CAN70');
INSERT INTO `parroquias` VALUES ('PAR341', 'Angamarca', 'CAN71');
INSERT INTO `parroquias` VALUES ('PAR342', 'Guangaje', 'CAN71');
INSERT INTO `parroquias` VALUES ('PAR343', 'La Victoria', 'CAN71');
INSERT INTO `parroquias` VALUES ('PAR344', 'Pilaló', 'CAN71');
INSERT INTO `parroquias` VALUES ('PAR345', 'Tingo', 'CAN71');
INSERT INTO `parroquias` VALUES ('PAR346', 'Zumbahua', 'CAN71');
INSERT INTO `parroquias` VALUES ('PAR347', 'Antonio José Holguín', 'CAN72');
INSERT INTO `parroquias` VALUES ('PAR348', 'Cusubamba', 'CAN72');
INSERT INTO `parroquias` VALUES ('PAR349', 'Mulalillo', 'CAN72');
INSERT INTO `parroquias` VALUES ('PAR35', 'Canuto', 'CAN05');
INSERT INTO `parroquias` VALUES ('PAR350', ' Mulliquindil', 'CAN72');
INSERT INTO `parroquias` VALUES ('PAR351', 'Pansaleo', 'CAN72');
INSERT INTO `parroquias` VALUES ('PAR352', 'San Miguel', 'CAN72');
INSERT INTO `parroquias` VALUES ('PAR353', 'Canchagua', 'CAN73');
INSERT INTO `parroquias` VALUES ('PAR354', 'Chantilín', 'CAN73');
INSERT INTO `parroquias` VALUES ('PAR355', 'Cochapamba', 'CAN73');
INSERT INTO `parroquias` VALUES ('PAR356', 'Chugchillán', 'CAN74');
INSERT INTO `parroquias` VALUES ('PAR357', 'Isinlivi', 'CAN74');
INSERT INTO `parroquias` VALUES ('PAR358', 'Las Pamppas', 'CAN74');
INSERT INTO `parroquias` VALUES ('PAR359', 'Palo Quemado', 'CAN74');
INSERT INTO `parroquias` VALUES ('PAR36', 'Chibunga', 'CAN05');
INSERT INTO `parroquias` VALUES ('PAR360', 'El Retiro ', 'CAN75');
INSERT INTO `parroquias` VALUES ('PAR361', 'El Cambio', 'CAN75');
INSERT INTO `parroquias` VALUES ('PAR362', 'La Providencia', 'CAN75');
INSERT INTO `parroquias` VALUES ('PAR363', 'Machala', 'CAN75');
INSERT INTO `parroquias` VALUES ('PAR364', 'Puerto Bolívar', 'CAN75');
INSERT INTO `parroquias` VALUES ('PAR365', 'Nueve de Mayo', 'CAN75');
INSERT INTO `parroquias` VALUES ('PAR366', 'Carcabón', 'CAN76');
INSERT INTO `parroquias` VALUES ('PAR367', 'Chacras', 'CAN76');
INSERT INTO `parroquias` VALUES ('PAR368', 'Palmales', 'CAN76');
INSERT INTO `parroquias` VALUES ('PAR369', 'Ayapamba', 'CAN77');
INSERT INTO `parroquias` VALUES ('PAR37', 'Convento', 'CAN05');
INSERT INTO `parroquias` VALUES ('PAR370', 'Cordoncillo', 'CAN77');
INSERT INTO `parroquias` VALUES ('PAR371', 'Milagro', 'CAN77');
INSERT INTO `parroquias` VALUES ('PAR372', 'San José', 'CAN77');
INSERT INTO `parroquias` VALUES ('PAR373', 'San Juan de Cerro Azul', 'CAN77');
INSERT INTO `parroquias` VALUES ('PAR374', 'Paccha ', 'CAN77');
INSERT INTO `parroquias` VALUES ('PAR375', 'Bellamaría', 'CAN78');
INSERT INTO `parroquias` VALUES ('PAR376', 'Chilla ', 'CAN79');
INSERT INTO `parroquias` VALUES ('PAR377', 'Carabota', 'CAN79');
INSERT INTO `parroquias` VALUES ('PAR378', 'Casacay', 'CAN79');
INSERT INTO `parroquias` VALUES ('PAR379', 'Challiguro', 'CAN79');
INSERT INTO `parroquias` VALUES ('PAR38', 'Eloy Alfaro', 'CAN05');
INSERT INTO `parroquias` VALUES ('PAR380', 'Chucacay', 'CAN79');
INSERT INTO `parroquias` VALUES ('PAR381', 'Cune', 'CAN79');
INSERT INTO `parroquias` VALUES ('PAR382', 'Dumari', 'CAN79');
INSERT INTO `parroquias` VALUES ('PAR383', 'El Cedro', 'CAN79');
INSERT INTO `parroquias` VALUES ('PAR384', 'Gallo Cantana', 'CAN79');
INSERT INTO `parroquias` VALUES ('PAR385', 'Luz de América', 'CAN79');
INSERT INTO `parroquias` VALUES ('PAR386', 'Nudillo', 'CAN79');
INSERT INTO `parroquias` VALUES ('PAR387', 'Pacay', 'CAN79');
INSERT INTO `parroquias` VALUES ('PAR388', 'Pacayunga', 'CAN79');
INSERT INTO `parroquias` VALUES ('PAR389', 'Pano', 'CAN79');
INSERT INTO `parroquias` VALUES ('PAR39', 'San Antonio', 'CAN05');
INSERT INTO `parroquias` VALUES ('PAR390', 'Pejeyacu', 'CAN79');
INSERT INTO `parroquias` VALUES ('PAR391', 'Playas de Daucay', 'CAN79');
INSERT INTO `parroquias` VALUES ('PAR392', 'Playas de San Tin Tin', 'CAN79');
INSERT INTO `parroquias` VALUES ('PAR393', 'Quera Alto', 'CAN79');
INSERT INTO `parroquias` VALUES ('PAR394', 'Shiguil', 'CAN79');
INSERT INTO `parroquias` VALUES ('PAR395', 'Barbones', 'CAN80');
INSERT INTO `parroquias` VALUES ('PAR396', 'La Iberia', 'CAN80');
INSERT INTO `parroquias` VALUES ('PAR397', 'Río Bonito', 'CAN80');
INSERT INTO `parroquias` VALUES ('PAR398', 'Tendales', 'CAN80');
INSERT INTO `parroquias` VALUES ('PAR399', 'Ecuador', 'CAN81');
INSERT INTO `parroquias` VALUES ('PAR40', 'Ricaurte', 'CAN05');
INSERT INTO `parroquias` VALUES ('PAR400', 'El Paraiso', 'CAN81');
INSERT INTO `parroquias` VALUES ('PAR401', 'Hualtaco', 'CAN81');
INSERT INTO `parroquias` VALUES ('PAR402', 'Milton Reyes', 'CAN81');
INSERT INTO `parroquias` VALUES ('PAR403', 'Unión Lojana', 'CAN81');
INSERT INTO `parroquias` VALUES ('PAR404', 'El Paraíso', 'CAN82');
INSERT INTO `parroquias` VALUES ('PAR405', 'La Libertad', 'CAN82');
INSERT INTO `parroquias` VALUES ('PAR406', 'San Isidro', 'CAN82');
INSERT INTO `parroquias` VALUES ('PAR407', 'La Victoria', 'CAN82');
INSERT INTO `parroquias` VALUES ('PAR408', 'Platanillos', 'CAN82');
INSERT INTO `parroquias` VALUES ('PAR409', 'Valle Hermoso', 'CAN82');
INSERT INTO `parroquias` VALUES ('PAR41', 'Chone', 'CAN05');
INSERT INTO `parroquias` VALUES ('PAR410', 'El Ingenio', 'CAN83');
INSERT INTO `parroquias` VALUES ('PAR411', 'Buenavista', 'CAN84');
INSERT INTO `parroquias` VALUES ('PAR412', 'Cañaquemada', 'CAN84');
INSERT INTO `parroquias` VALUES ('PAR413', 'Casacay', 'CAN84');
INSERT INTO `parroquias` VALUES ('PAR414', 'La Peaña', 'CAN84');
INSERT INTO `parroquias` VALUES ('PAR415', 'Progreso', 'CAN84');
INSERT INTO `parroquias` VALUES ('PAR416', 'Uzhcurrum', 'CAN84');
INSERT INTO `parroquias` VALUES ('PAR417', 'Bolívar', 'CAN84');
INSERT INTO `parroquias` VALUES ('PAR418', 'Loma de Franco', 'CAN84');
INSERT INTO `parroquias` VALUES ('PAR419', 'Ochoa León', 'CAN84');
INSERT INTO `parroquias` VALUES ('PAR42', 'Santa Rita', 'CAN05');
INSERT INTO `parroquias` VALUES ('PAR420', 'Tres Cerritos', 'CAN84');
INSERT INTO `parroquias` VALUES ('PAR421', ' Capiro', 'CAN85');
INSERT INTO `parroquias` VALUES ('PAR422', 'La Bocana', 'CAN85');
INSERT INTO `parroquias` VALUES ('PAR423', 'Moromoro', 'CAN85');
INSERT INTO `parroquias` VALUES ('PAR424', 'Piedras', 'CAN85');
INSERT INTO `parroquias` VALUES ('PAR425', 'San Roque', 'CAN85');
INSERT INTO `parroquias` VALUES ('PAR426', 'Saracay', 'CAN85');
INSERT INTO `parroquias` VALUES ('PAR427', 'La Matriz', 'CAN85');
INSERT INTO `parroquias` VALUES ('PAR428', 'La Susaya', 'CAN85');
INSERT INTO `parroquias` VALUES ('PAR429', 'Piñas Grande', 'CAN85');
INSERT INTO `parroquias` VALUES ('PAR43', 'Wilfrido Loor Moreira', 'CAN06');
INSERT INTO `parroquias` VALUES ('PAR430', 'Curtincapa', 'CAN86');
INSERT INTO `parroquias` VALUES ('PAR431', 'Morales', 'CAN86');
INSERT INTO `parroquias` VALUES ('PAR432', 'Salatí', 'CAN86');
INSERT INTO `parroquias` VALUES ('PAR433', 'Bellamaría', 'CAN87');
INSERT INTO `parroquias` VALUES ('PAR434', 'Bellavista', 'CAN87');
INSERT INTO `parroquias` VALUES ('PAR435', 'Jambelí', 'CAN87');
INSERT INTO `parroquias` VALUES ('PAR436', 'La Avanzada', 'CAN87');
INSERT INTO `parroquias` VALUES ('PAR437', 'San Antonio', 'CAN87');
INSERT INTO `parroquias` VALUES ('PAR438', 'Torata', 'CAN87');
INSERT INTO `parroquias` VALUES ('PAR439', 'Victoria', 'CAN87');
INSERT INTO `parroquias` VALUES ('PAR44', 'San Pedro de Suma', 'CAN06');
INSERT INTO `parroquias` VALUES ('PAR440', 'Balneario Jambelí', 'CAN87');
INSERT INTO `parroquias` VALUES ('PAR441', 'Jumón', 'CAN87');
INSERT INTO `parroquias` VALUES ('PAR442', 'Nuevo Santa Rosa', 'CAN87');
INSERT INTO `parroquias` VALUES ('PAR443', 'Puerto Jelí', 'CAN87');
INSERT INTO `parroquias` VALUES ('PAR444', 'Santa Rosa', 'CAN87');
INSERT INTO `parroquias` VALUES ('PAR445', 'Abañín', 'CAN88');
INSERT INTO `parroquias` VALUES ('PAR446', 'Arcapamba', 'CAN88');
INSERT INTO `parroquias` VALUES ('PAR447', 'Guanazán', 'CAN88');
INSERT INTO `parroquias` VALUES ('PAR448', 'Guizhaguiña', 'CAN88');
INSERT INTO `parroquias` VALUES ('PAR449', 'Huertas', 'CAN88');
INSERT INTO `parroquias` VALUES ('PAR45', 'El Carmen', 'CAN06');
INSERT INTO `parroquias` VALUES ('PAR450', 'Malvas', 'CAN88');
INSERT INTO `parroquias` VALUES ('PAR451', 'Muluncay Grande', 'CAN88');
INSERT INTO `parroquias` VALUES ('PAR452', 'Sinsao', 'CAN88');
INSERT INTO `parroquias` VALUES ('PAR453', 'Salvias', 'CAN88');
INSERT INTO `parroquias` VALUES ('PAR454', 'Camarones', 'CAN89');
INSERT INTO `parroquias` VALUES ('PAR455', 'Coronel Carlos Concha Torres', 'CAN89');
INSERT INTO `parroquias` VALUES ('PAR456', 'Chinca', 'CAN89');
INSERT INTO `parroquias` VALUES ('PAR457', 'Majua', 'CAN89');
INSERT INTO `parroquias` VALUES ('PAR458', 'San Mateo', 'CAN89');
INSERT INTO `parroquias` VALUES ('PAR459', 'Tabiazo', 'CAN89');
INSERT INTO `parroquias` VALUES ('PAR46', '4 de Diciembre', 'CAN06');
INSERT INTO `parroquias` VALUES ('PAR460', 'Tachina', 'CAN89');
INSERT INTO `parroquias` VALUES ('PAR461', 'Vuelta Larga', 'CAN89');
INSERT INTO `parroquias` VALUES ('PAR462', '5 de Agosto', 'CAN89');
INSERT INTO `parroquias` VALUES ('PAR463', 'Bartolomé Ruiz', 'CAN89');
INSERT INTO `parroquias` VALUES ('PAR464', 'Esmeraldas', 'CAN89');
INSERT INTO `parroquias` VALUES ('PAR465', 'Luis Tello', 'CAN89');
INSERT INTO `parroquias` VALUES ('PAR466', 'Simón Plata Torres', 'CAN89');
INSERT INTO `parroquias` VALUES ('PAR467', 'La Unión Atacames', 'CAN90');
INSERT INTO `parroquias` VALUES ('PAR468', 'Súa', 'CAN90');
INSERT INTO `parroquias` VALUES ('PAR469', 'Tonchigüe', 'CAN90');
INSERT INTO `parroquias` VALUES ('PAR47', 'San Francisco de Novillo', 'CAN07');
INSERT INTO `parroquias` VALUES ('PAR470', 'Tonsupa', 'CAN90');
INSERT INTO `parroquias` VALUES ('PAR471', 'Anchayacu', 'CAN91');
INSERT INTO `parroquias` VALUES ('PAR472', 'Atahualpa', 'CAN91');
INSERT INTO `parroquias` VALUES ('PAR473', 'Borbón', 'CAN91');
INSERT INTO `parroquias` VALUES ('PAR474', 'Colón Eloy del María', 'CAN91');
INSERT INTO `parroquias` VALUES ('PAR475', 'La Tola', 'CAN91');
INSERT INTO `parroquias` VALUES ('PAR476', 'Luis Vargas Torres', 'CAN91');
INSERT INTO `parroquias` VALUES ('PAR477', 'Maldonado', 'CAN91');
INSERT INTO `parroquias` VALUES ('PAR478', 'Pampanal de Bolívar', 'CAN91');
INSERT INTO `parroquias` VALUES ('PAR479', 'San Francisco de Onzole', 'CAN91');
INSERT INTO `parroquias` VALUES ('PAR48', 'Zapallo', 'CAN07');
INSERT INTO `parroquias` VALUES ('PAR480', 'San José de Cayapas', 'CAN91');
INSERT INTO `parroquias` VALUES ('PAR481', 'Santo Domingo de Onzole', 'CAN91');
INSERT INTO `parroquias` VALUES ('PAR482', 'Santa Lucía de las Peñas', 'CAN91');
INSERT INTO `parroquias` VALUES ('PAR483', 'Selva Alegre', 'CAN91');
INSERT INTO `parroquias` VALUES ('PAR484', 'Telembí', 'CAN91');
INSERT INTO `parroquias` VALUES ('PAR485', 'Timbiré', 'CAN91');
INSERT INTO `parroquias` VALUES ('PAR486', 'Valdez', 'CAN91');
INSERT INTO `parroquias` VALUES ('PAR487', 'Bolívar Muisnes', 'CAN92');
INSERT INTO `parroquias` VALUES ('PAR488', 'Daule', 'CAN92');
INSERT INTO `parroquias` VALUES ('PAR489', 'Galera', 'CAN92');
INSERT INTO `parroquias` VALUES ('PAR49', 'Jama', 'CAN08');
INSERT INTO `parroquias` VALUES ('PAR490', 'Quingue', 'CAN92');
INSERT INTO `parroquias` VALUES ('PAR491', ' Salima', 'CAN92');
INSERT INTO `parroquias` VALUES ('PAR492', 'San Francisco', 'CAN92');
INSERT INTO `parroquias` VALUES ('PAR493', 'San Gregorio', 'CAN92');
INSERT INTO `parroquias` VALUES ('PAR494', 'San Jose de Chamanga', 'CAN92');
INSERT INTO `parroquias` VALUES ('PAR495', 'Cube', 'CAN93');
INSERT INTO `parroquias` VALUES ('PAR496', 'Chura', 'CAN93');
INSERT INTO `parroquias` VALUES ('PAR497', 'La Unión Quininde', 'CAN93');
INSERT INTO `parroquias` VALUES ('PAR498', 'Malimpia', 'CAN93');
INSERT INTO `parroquias` VALUES ('PAR499', 'Viche', 'CAN93');
INSERT INTO `parroquias` VALUES ('PAR50', 'Jaramijó', 'CAN09');
INSERT INTO `parroquias` VALUES ('PAR500', 'Rosa Zárate', 'CAN93');
INSERT INTO `parroquias` VALUES ('PAR501', 'Chontaduro', 'CAN94');
INSERT INTO `parroquias` VALUES ('PAR502', 'Chumundé', 'CAN94');
INSERT INTO `parroquias` VALUES ('PAR503', 'Lagarto', 'CAN94');
INSERT INTO `parroquias` VALUES ('PAR504', 'Montalvo', 'CAN94');
INSERT INTO `parroquias` VALUES ('PAR505', 'Rocafuerte', 'CAN94');
INSERT INTO `parroquias` VALUES ('PAR506', '5 de Junio', 'CAN95');
INSERT INTO `parroquias` VALUES ('PAR507', 'Alto Tambo', 'CAN95');
INSERT INTO `parroquias` VALUES ('PAR508', 'Ancón', 'CAN95');
INSERT INTO `parroquias` VALUES ('PAR509', 'Calderón', 'CAN95');
INSERT INTO `parroquias` VALUES ('PAR51', 'Junín', 'CAN10');
INSERT INTO `parroquias` VALUES ('PAR510', 'Carondelet', 'CAN95');
INSERT INTO `parroquias` VALUES ('PAR511', 'Concepción', 'CAN95');
INSERT INTO `parroquias` VALUES ('PAR512', 'Mataje', 'CAN95');
INSERT INTO `parroquias` VALUES ('PAR513', 'San Javier de Cachaví', 'CAN95');
INSERT INTO `parroquias` VALUES ('PAR514', 'Santa Rita', 'CAN95');
INSERT INTO `parroquias` VALUES ('PAR515', 'Tambillo', 'CAN95');
INSERT INTO `parroquias` VALUES ('PAR516', 'Tululbí', 'CAN95');
INSERT INTO `parroquias` VALUES ('PAR517', 'Urbina', 'CAN95');
INSERT INTO `parroquias` VALUES ('PAR518', 'Española', 'CAN96');
INSERT INTO `parroquias` VALUES ('PAR519', 'Santa Fe', 'CAN96');
INSERT INTO `parroquias` VALUES ('PAR52', 'San Lorenzo', 'CAN11');
INSERT INTO `parroquias` VALUES ('PAR520', 'Genovesa', 'CAN96');
INSERT INTO `parroquias` VALUES ('PAR521', 'Floreana', 'CAN96');
INSERT INTO `parroquias` VALUES ('PAR522', 'San Cristóbal', 'CAN96');
INSERT INTO `parroquias` VALUES ('PAR523', 'El Progreso', 'CAN96');
INSERT INTO `parroquias` VALUES ('PAR524', 'Puerto Baquerizo Moreno', 'CAN96');
INSERT INTO `parroquias` VALUES ('PAR525', 'Tomás de Berlanga', 'CAN97');
INSERT INTO `parroquias` VALUES ('PAR526', 'Isla Charles Darwin', 'CAN97');
INSERT INTO `parroquias` VALUES ('PAR527', 'Fernandina', 'CAN97');
INSERT INTO `parroquias` VALUES ('PAR528', 'Teodoro Wolf', 'CAN97');
INSERT INTO `parroquias` VALUES ('PAR529', 'Tomás de Berlanga', 'CAN97');
INSERT INTO `parroquias` VALUES ('PAR53', 'Santa Marianita', 'CAN11');
INSERT INTO `parroquias` VALUES ('PAR530', 'Puerto Villamil', 'CAN97');
INSERT INTO `parroquias` VALUES ('PAR531', 'Bellavista', 'CAN98');
INSERT INTO `parroquias` VALUES ('PAR532', 'Baltra', 'CAN98');
INSERT INTO `parroquias` VALUES ('PAR533', 'Marchena', 'CAN98');
INSERT INTO `parroquias` VALUES ('PAR534', 'Pinta', 'CAN98');
INSERT INTO `parroquias` VALUES ('PAR535', 'Pinzón', 'CAN98');
INSERT INTO `parroquias` VALUES ('PAR536', 'Rábida', 'CAN98');
INSERT INTO `parroquias` VALUES ('PAR537', 'Santiago', 'CAN98');
INSERT INTO `parroquias` VALUES ('PAR538', 'Seymour', 'CAN98');
INSERT INTO `parroquias` VALUES ('PAR539', 'Bellavista', 'CAN98');
INSERT INTO `parroquias` VALUES ('PAR54', 'Los Estero', 'CAN11');
INSERT INTO `parroquias` VALUES ('PAR540', 'Santa Rosa', 'CAN98');
INSERT INTO `parroquias` VALUES ('PAR541', 'Puerto Ayora', 'CAN98');
INSERT INTO `parroquias` VALUES ('PAR542', 'Juan Gómez Rendón', 'CAN99');
INSERT INTO `parroquias` VALUES ('PAR543', 'Posorja', 'CAN99');
INSERT INTO `parroquias` VALUES ('PAR544', 'Puná', 'CAN99');
INSERT INTO `parroquias` VALUES ('PAR545', 'Tenguel', 'CAN99');
INSERT INTO `parroquias` VALUES ('PAR546', 'Ayacucho', 'CAN99');
INSERT INTO `parroquias` VALUES ('PAR547', 'Bolívar', 'CAN99');
INSERT INTO `parroquias` VALUES ('PAR548', 'Carbo', 'CAN99');
INSERT INTO `parroquias` VALUES ('PAR549', 'Febres Cordero', 'CAN99');
INSERT INTO `parroquias` VALUES ('PAR55', 'Manta', 'CAN11');
INSERT INTO `parroquias` VALUES ('PAR550', 'García Moreno', 'CAN99');
INSERT INTO `parroquias` VALUES ('PAR551', 'Letamendi', 'CAN99');
INSERT INTO `parroquias` VALUES ('PAR552', 'Nueve de Octubre', 'CAN99');
INSERT INTO `parroquias` VALUES ('PAR553', 'Olmedo', 'CAN99');
INSERT INTO `parroquias` VALUES ('PAR554', 'Roca', 'CAN99');
INSERT INTO `parroquias` VALUES ('PAR555', 'Rocafuerte', 'CAN99');
INSERT INTO `parroquias` VALUES ('PAR556', 'Sucre', 'CAN99');
INSERT INTO `parroquias` VALUES ('PAR557', 'Tarqui Guayas', 'CAN99');
INSERT INTO `parroquias` VALUES ('PAR558', 'Urdaneta', 'CAN99');
INSERT INTO `parroquias` VALUES ('PAR559', 'Ximena', 'CAN99');
INSERT INTO `parroquias` VALUES ('PAR56', 'San Mateo', 'CAN11');
INSERT INTO `parroquias` VALUES ('PAR560', 'Pascuales', 'CAN99');
INSERT INTO `parroquias` VALUES ('PAR561', 'Guayaquil', 'CAN99');
INSERT INTO `parroquias` VALUES ('PAR562', 'Alfredo Baquerizo Moreno', 'CAN100');
INSERT INTO `parroquias` VALUES ('PAR563', 'Balao', 'CAN101');
INSERT INTO `parroquias` VALUES ('PAR564', 'Balzar', 'CAN102');
INSERT INTO `parroquias` VALUES ('PAR565', 'San Jacinto', 'CAN103');
INSERT INTO `parroquias` VALUES ('PAR566', 'Juan Bautista Aguirre', 'CAN104');
INSERT INTO `parroquias` VALUES ('PAR567', 'Laurel', 'CAN104');
INSERT INTO `parroquias` VALUES ('PAR568', 'Limonal', 'CAN104');
INSERT INTO `parroquias` VALUES ('PAR569', 'Los Lojas', 'CAN104');
INSERT INTO `parroquias` VALUES ('PAR57', 'Tarqui', 'CAN11');
INSERT INTO `parroquias` VALUES ('PAR570', 'Daule', 'CAN104');
INSERT INTO `parroquias` VALUES ('PAR571', 'La Aurora', 'CAN104');
INSERT INTO `parroquias` VALUES ('PAR572', 'Banife', 'CAN104');
INSERT INTO `parroquias` VALUES ('PAR573', 'Emiliano Caicedo Marcos', 'CAN104');
INSERT INTO `parroquias` VALUES ('PAR574', 'Magro', 'CAN104');
INSERT INTO `parroquias` VALUES ('PAR575', 'Padre Juan Bautista Aguirre', 'CAN104');
INSERT INTO `parroquias` VALUES ('PAR576', 'Santa Clara', 'CAN104');
INSERT INTO `parroquias` VALUES ('PAR577', 'Vicente Piedrahita', 'CAN104');
INSERT INTO `parroquias` VALUES ('PAR578', 'Eloy Alfaro', 'CAN105');
INSERT INTO `parroquias` VALUES ('PAR579', 'El Recero', 'CAN105');
INSERT INTO `parroquias` VALUES ('PAR58', 'Eloy Alfaro', 'CAN11');
INSERT INTO `parroquias` VALUES ('PAR580', 'Guayas', 'CAN106');
INSERT INTO `parroquias` VALUES ('PAR581', 'El Rosario', 'CAN106');
INSERT INTO `parroquias` VALUES ('PAR582', 'Velasco Ibarra', 'CAN106');
INSERT INTO `parroquias` VALUES ('PAR583', 'El Triunfo', 'CAN107');
INSERT INTO `parroquias` VALUES ('PAR584', 'General Antonio Elizalde', 'CAN108');
INSERT INTO `parroquias` VALUES ('PAR585', 'Isidro Ayora', 'CAN109');
INSERT INTO `parroquias` VALUES ('PAR586', 'Lomas de Sargentillo', 'CAN110');
INSERT INTO `parroquias` VALUES ('PAR587', 'Coronel Marcelino Maridueña', 'CAN111');
INSERT INTO `parroquias` VALUES ('PAR588', 'Chobo', 'CAN112');
INSERT INTO `parroquias` VALUES ('PAR589', 'Mariscal Sucre', 'CAN112');
INSERT INTO `parroquias` VALUES ('PAR59', 'La Pila ', 'CAN12');
INSERT INTO `parroquias` VALUES ('PAR590', 'Roberto Astudillo', 'CAN112');
INSERT INTO `parroquias` VALUES ('PAR591', 'Jesús María', 'CAN113');
INSERT INTO `parroquias` VALUES ('PAR592', 'San Carlos', 'CAN113');
INSERT INTO `parroquias` VALUES ('PAR593', 'Santa Rosa de Flandes', 'CAN113');
INSERT INTO `parroquias` VALUES ('PAR594', 'Taura', 'CAN113');
INSERT INTO `parroquias` VALUES ('PAR595', 'Naranjito', 'CAN114');
INSERT INTO `parroquias` VALUES ('PAR596', 'Narcisa de Jesús', 'CAN115');
INSERT INTO `parroquias` VALUES ('PAR597', ' Palestina', 'CAN116');
INSERT INTO `parroquias` VALUES ('PAR598', 'Valle de La Virgen', 'CAN117');
INSERT INTO `parroquias` VALUES ('PAR599', 'Sabanilla', 'CAN117');
INSERT INTO `parroquias` VALUES ('PAR60', 'Aníbal San Andrés', 'CAN12');
INSERT INTO `parroquias` VALUES ('PAR600', 'General Villamil', 'CAN118');
INSERT INTO `parroquias` VALUES ('PAR601', 'General Vernaza', 'CAN119');
INSERT INTO `parroquias` VALUES ('PAR602', 'La Victoria', 'CAN119');
INSERT INTO `parroquias` VALUES ('PAR603', 'Junquillal', 'CAN119');
INSERT INTO `parroquias` VALUES ('PAR604', 'Bocana', 'CAN119');
INSERT INTO `parroquias` VALUES ('PAR605', 'Candilejos', 'CAN119');
INSERT INTO `parroquias` VALUES ('PAR606', 'Central', 'CAN119');
INSERT INTO `parroquias` VALUES ('PAR607', 'Paraíso', 'CAN119');
INSERT INTO `parroquias` VALUES ('PAR608', 'San Mateo', 'CAN119');
INSERT INTO `parroquias` VALUES ('PAR609', 'El Salitre', 'CAN119');
INSERT INTO `parroquias` VALUES ('PAR61', 'Montecristi', 'CAN12');
INSERT INTO `parroquias` VALUES ('PAR610', 'Samborondón', 'CAN120');
INSERT INTO `parroquias` VALUES ('PAR611', 'La Puntilla', 'CAN120');
INSERT INTO `parroquias` VALUES ('PAR612', 'Tarifa ', 'CAN120');
INSERT INTO `parroquias` VALUES ('PAR613', 'Santa Lucía', 'CAN121');
INSERT INTO `parroquias` VALUES ('PAR614', 'Coronel Lorenzo de Garaicoa', 'CAN122');
INSERT INTO `parroquias` VALUES ('PAR615', 'Simón Bolívar', 'CAN122');
INSERT INTO `parroquias` VALUES ('PAR616', 'General Pedro J. Montero', 'CAN123');
INSERT INTO `parroquias` VALUES ('PAR617', 'Yaguachi Viejo', 'CAN123');
INSERT INTO `parroquias` VALUES ('PAR618', 'Virgen de Fátima', 'CAN123');
INSERT INTO `parroquias` VALUES ('PAR619', 'San Jacinto de Yaguachi', 'CAN123');
INSERT INTO `parroquias` VALUES ('PAR62', 'El Colorado', 'CAN12');
INSERT INTO `parroquias` VALUES ('PAR620', 'Ambuqui', 'CAN124');
INSERT INTO `parroquias` VALUES ('PAR621', 'Angochagua', 'CAN124');
INSERT INTO `parroquias` VALUES ('PAR622', 'Carolina', 'CAN124');
INSERT INTO `parroquias` VALUES ('PAR623', 'La Esperanza', 'CAN124');
INSERT INTO `parroquias` VALUES ('PAR624', 'Lita', 'CAN124');
INSERT INTO `parroquias` VALUES ('PAR625', 'Salinas', 'CAN124');
INSERT INTO `parroquias` VALUES ('PAR626', 'San Antonio', 'CAN124');
INSERT INTO `parroquias` VALUES ('PAR627', 'Garanqui', 'CAN124');
INSERT INTO `parroquias` VALUES ('PAR628', 'Guayaquil de Alpachaca', 'CAN124');
INSERT INTO `parroquias` VALUES ('PAR629', 'Sagrario', 'CAN124');
INSERT INTO `parroquias` VALUES ('PAR63', 'General Eloy Alfaro', 'CAN12');
INSERT INTO `parroquias` VALUES ('PAR630', 'San Francisco', 'CAN124');
INSERT INTO `parroquias` VALUES ('PAR631', 'La Dolorosa del Priorato', 'CAN124');
INSERT INTO `parroquias` VALUES ('PAR632', 'San Miguel de Ibarra', 'CAN124');
INSERT INTO `parroquias` VALUES ('PAR633', 'Imbaya', 'CAN125');
INSERT INTO `parroquias` VALUES ('PAR634', 'San Francisco de Natabuela', 'CAN125');
INSERT INTO `parroquias` VALUES ('PAR635', 'San José de Chaltura', 'CAN125');
INSERT INTO `parroquias` VALUES ('PAR636', 'San Roque', 'CAN125');
INSERT INTO `parroquias` VALUES ('PAR637', 'Andrade Marín', 'CAN125');
INSERT INTO `parroquias` VALUES ('PAR638', 'Atuntaqui', 'CAN125');
INSERT INTO `parroquias` VALUES ('PAR639', 'Apuela', 'CAN126');
INSERT INTO `parroquias` VALUES ('PAR64', 'Olmedo', 'CAN13');
INSERT INTO `parroquias` VALUES ('PAR640', 'Cuellaje', 'CAN126');
INSERT INTO `parroquias` VALUES ('PAR641', 'García Moreno', 'CAN126');
INSERT INTO `parroquias` VALUES ('PAR642', 'Imantag', 'CAN126');
INSERT INTO `parroquias` VALUES ('PAR643', 'Peñaherrera', 'CAN126');
INSERT INTO `parroquias` VALUES ('PAR644', 'Plaza Gutiérrez', 'CAN126');
INSERT INTO `parroquias` VALUES ('PAR645', 'Quiroga', 'CAN126');
INSERT INTO `parroquias` VALUES ('PAR646', 'Vacas Galindo', 'CAN126');
INSERT INTO `parroquias` VALUES ('PAR647', 'Sagrario', 'CAN126');
INSERT INTO `parroquias` VALUES ('PAR648', 'San Francisco', 'CAN126');
INSERT INTO `parroquias` VALUES ('PAR649', 'Dr. Miguel Egas Cabezas', 'CAN127');
INSERT INTO `parroquias` VALUES ('PAR65', 'Campozano', 'CAN14');
INSERT INTO `parroquias` VALUES ('PAR650', 'Eugenio Espejo', 'CAN127');
INSERT INTO `parroquias` VALUES ('PAR651', 'González Suárez', 'CAN127');
INSERT INTO `parroquias` VALUES ('PAR652', 'Pataqui', 'CAN127');
INSERT INTO `parroquias` VALUES ('PAR653', 'San José de Quichinche', 'CAN127');
INSERT INTO `parroquias` VALUES ('PAR654', 'San Juan de Ilumán', 'CAN127');
INSERT INTO `parroquias` VALUES ('PAR655', 'San Pablo', 'CAN127');
INSERT INTO `parroquias` VALUES ('PAR656', 'San Rafael', 'CAN127');
INSERT INTO `parroquias` VALUES ('PAR657', 'Selva Alegre', 'CAN127');
INSERT INTO `parroquias` VALUES ('PAR658', 'Jordán', 'CAN127');
INSERT INTO `parroquias` VALUES ('PAR659', 'San Luis', 'CAN127');
INSERT INTO `parroquias` VALUES ('PAR66', 'Cascol', 'CAN14');
INSERT INTO `parroquias` VALUES ('PAR660', 'Chugá', 'CAN128');
INSERT INTO `parroquias` VALUES ('PAR661', 'Mariano Acosta', 'CAN128');
INSERT INTO `parroquias` VALUES ('PAR662', 'San Francisco de Sigsipamba', 'CAN128');
INSERT INTO `parroquias` VALUES ('PAR663', 'Cahuasquí', 'CAN129');
INSERT INTO `parroquias` VALUES ('PAR664', 'La Merced de Buenos Aires', 'CAN129');
INSERT INTO `parroquias` VALUES ('PAR665', 'Pablo Arenas', 'CAN129');
INSERT INTO `parroquias` VALUES ('PAR666', 'San Blas', 'CAN129');
INSERT INTO `parroquias` VALUES ('PAR667', 'Tumbabiro', 'CAN129');
INSERT INTO `parroquias` VALUES ('PAR668', 'Chantaco', 'CAN130');
INSERT INTO `parroquias` VALUES ('PAR669', 'Chuquiribamba', 'CAN130');
INSERT INTO `parroquias` VALUES ('PAR67', 'Guale', 'CAN14');
INSERT INTO `parroquias` VALUES ('PAR670', ' El Cisne', 'CAN130');
INSERT INTO `parroquias` VALUES ('PAR671', 'Gualel', 'CAN130');
INSERT INTO `parroquias` VALUES ('PAR672', 'Jimbilla', 'CAN130');
INSERT INTO `parroquias` VALUES ('PAR673', 'Malacatos', 'CAN130');
INSERT INTO `parroquias` VALUES ('PAR674', 'San Lucas', 'CAN130');
INSERT INTO `parroquias` VALUES ('PAR675', 'San Pedro de Vilcabamba', 'CAN130');
INSERT INTO `parroquias` VALUES ('PAR676', 'Santiago', 'CAN130');
INSERT INTO `parroquias` VALUES ('PAR677', 'Taquil', 'CAN130');
INSERT INTO `parroquias` VALUES ('PAR678', 'Vilcabamba', 'CAN130');
INSERT INTO `parroquias` VALUES ('PAR679', 'Yangana', 'CAN130');
INSERT INTO `parroquias` VALUES ('PAR68', 'Lascano', 'CAN14');
INSERT INTO `parroquias` VALUES ('PAR680', 'Quinara', 'CAN130');
INSERT INTO `parroquias` VALUES ('PAR681', 'El Sagrario', 'CAN130');
INSERT INTO `parroquias` VALUES ('PAR682', 'San Sebastián', 'CAN130');
INSERT INTO `parroquias` VALUES ('PAR683', 'Sucre', 'CAN130');
INSERT INTO `parroquias` VALUES ('PAR684', 'Valle', 'CAN130');
INSERT INTO `parroquias` VALUES ('PAR685', 'Colaisaca', 'CAN131');
INSERT INTO `parroquias` VALUES ('PAR686', 'El Lucero', 'CAN131');
INSERT INTO `parroquias` VALUES ('PAR687', 'Utuana', 'CAN131');
INSERT INTO `parroquias` VALUES ('PAR688', 'Sanguillín', 'CAN131');
INSERT INTO `parroquias` VALUES ('PAR689', 'Cariamanga', 'CAN131');
INSERT INTO `parroquias` VALUES ('PAR69', 'Cojimíes', 'CAN15');
INSERT INTO `parroquias` VALUES ('PAR690', 'Chile', 'CAN131');
INSERT INTO `parroquias` VALUES ('PAR691', 'San Vicente', 'CAN131');
INSERT INTO `parroquias` VALUES ('PAR692', 'El Tambo', 'CAN132');
INSERT INTO `parroquias` VALUES ('PAR693', 'Guayquichuma', 'CAN132');
INSERT INTO `parroquias` VALUES ('PAR694', 'San Pedro de la Bendita', 'CAN132');
INSERT INTO `parroquias` VALUES ('PAR695', 'Zambi', 'CAN132');
INSERT INTO `parroquias` VALUES ('PAR696', 'Catamayo', 'CAN132');
INSERT INTO `parroquias` VALUES ('PAR697', 'San José', 'CAN132');
INSERT INTO `parroquias` VALUES ('PAR698', 'Cruzpamba', 'CAN133');
INSERT INTO `parroquias` VALUES ('PAR699', 'Pozul', 'CAN133');
INSERT INTO `parroquias` VALUES ('PAR70', '10 de Agosto', 'CAN15');
INSERT INTO `parroquias` VALUES ('PAR700', ' Sabanilla', 'CAN133');
INSERT INTO `parroquias` VALUES ('PAR701', 'Teniente Maximiliano Rodríguez Loaiza', 'CAN133');
INSERT INTO `parroquias` VALUES ('PAR702', ' Buenavista', 'CAN134');
INSERT INTO `parroquias` VALUES ('PAR703', 'El Rosario', 'CAN134');
INSERT INTO `parroquias` VALUES ('PAR704', 'Santa Rufina', 'CAN134');
INSERT INTO `parroquias` VALUES ('PAR705', 'Amarillos', 'CAN134');
INSERT INTO `parroquias` VALUES ('PAR706', 'Bellavista', 'CAN135');
INSERT INTO `parroquias` VALUES ('PAR707', 'Jimbura', 'CAN135');
INSERT INTO `parroquias` VALUES ('PAR708', 'Santa Teresita', 'CAN135');
INSERT INTO `parroquias` VALUES ('PAR709', '27 de Abril', 'CAN135');
INSERT INTO `parroquias` VALUES ('PAR71', 'Atahualpa', 'CAN15');
INSERT INTO `parroquias` VALUES ('PAR710', 'El Ingenio', 'CAN135');
INSERT INTO `parroquias` VALUES ('PAR711', 'El Airo', 'CAN135');
INSERT INTO `parroquias` VALUES ('PAR712', 'Amaluza', 'CAN135');
INSERT INTO `parroquias` VALUES ('PAR713', 'Changaimina', 'CAN136');
INSERT INTO `parroquias` VALUES ('PAR714', 'Nambacola', 'CAN136');
INSERT INTO `parroquias` VALUES ('PAR715', 'Purunuma', 'CAN136');
INSERT INTO `parroquias` VALUES ('PAR716', 'SAcapalca', 'CAN136');
INSERT INTO `parroquias` VALUES ('PAR717', 'Larama', 'CAN137');
INSERT INTO `parroquias` VALUES ('PAR718', 'La Victoria', 'CAN137');
INSERT INTO `parroquias` VALUES ('PAR719', 'Sabiango', 'CAN137');
INSERT INTO `parroquias` VALUES ('PAR72', 'Barraganete', 'CAN16');
INSERT INTO `parroquias` VALUES ('PAR720', 'General Eloy Alfaro', 'CAN137');
INSERT INTO `parroquias` VALUES ('PAR721', ' Macará', 'CAN137');
INSERT INTO `parroquias` VALUES ('PAR722', 'La Tingue', 'CAN138');
INSERT INTO `parroquias` VALUES ('PAR723', 'Olmedo', 'CAN138');
INSERT INTO `parroquias` VALUES ('PAR724', 'Cangonamá', 'CAN139');
INSERT INTO `parroquias` VALUES ('PAR725', 'Guachanamá', 'CAN139');
INSERT INTO `parroquias` VALUES ('PAR726', 'Lauro Guerrero', 'CAN139');
INSERT INTO `parroquias` VALUES ('PAR727', 'Orianga', 'CAN139');
INSERT INTO `parroquias` VALUES ('PAR728', 'San Antonio', 'CAN139');
INSERT INTO `parroquias` VALUES ('PAR729', 'Casanga', 'CAN139');
INSERT INTO `parroquias` VALUES ('PAR73', 'San Sebastián', 'CAN16');
INSERT INTO `parroquias` VALUES ('PAR730', 'Yamana', 'CAN139');
INSERT INTO `parroquias` VALUES ('PAR731', 'Catacocha', 'CAN139');
INSERT INTO `parroquias` VALUES ('PAR732', 'Lourdes', 'CAN139');
INSERT INTO `parroquias` VALUES ('PAR733', 'Chaquinal', 'CAN140');
INSERT INTO `parroquias` VALUES ('PAR734', '12 de Diciembre', 'CAN140');
INSERT INTO `parroquias` VALUES ('PAR735', 'Milagros', 'CAN140');
INSERT INTO `parroquias` VALUES ('PAR736', 'Ciano', 'CAN141');
INSERT INTO `parroquias` VALUES ('PAR737', 'El Arenal', 'CAN141');
INSERT INTO `parroquias` VALUES ('PAR738', 'El Limo', 'CAN141');
INSERT INTO `parroquias` VALUES ('PAR739', 'Mercadillo', 'CAN141');
INSERT INTO `parroquias` VALUES ('PAR74', 'Pichincha', 'CAN16');
INSERT INTO `parroquias` VALUES ('PAR740', 'Vicentino', 'CAN141');
INSERT INTO `parroquias` VALUES ('PAR741', 'Alamor', 'CAN141');
INSERT INTO `parroquias` VALUES ('PAR742', 'Fundochamba', 'CAN142');
INSERT INTO `parroquias` VALUES ('PAR743', 'San Antonio de Las Aradas', 'CAN142');
INSERT INTO `parroquias` VALUES ('PAR744', 'El Paraíso de Celén', 'CAN143');
INSERT INTO `parroquias` VALUES ('PAR745', 'El Tablón', 'CAN143');
INSERT INTO `parroquias` VALUES ('PAR746', 'Lluzhapa', 'CAN143');
INSERT INTO `parroquias` VALUES ('PAR747', 'Manú', 'CAN143');
INSERT INTO `parroquias` VALUES ('PAR748', 'San Antonio de Qumbe', 'CAN143');
INSERT INTO `parroquias` VALUES ('PAR749', 'San Pablo de Tenta', 'CAN143');
INSERT INTO `parroquias` VALUES ('PAR75', 'Machalilla', 'CAN17');
INSERT INTO `parroquias` VALUES ('PAR750', 'San Sebastián de Yúluc', 'CAN143');
INSERT INTO `parroquias` VALUES ('PAR751', 'Selva Alegre', 'CAN143');
INSERT INTO `parroquias` VALUES ('PAR752', 'Urdaneta', 'CAN143');
INSERT INTO `parroquias` VALUES ('PAR753', 'Urdaneta', 'CAN143');
INSERT INTO `parroquias` VALUES ('PAR754', 'Nueva Fátima', 'CAN144');
INSERT INTO `parroquias` VALUES ('PAR755', 'Tacamoros', 'CAN144');
INSERT INTO `parroquias` VALUES ('PAR756', 'Mangahurco', 'CAN145');
INSERT INTO `parroquias` VALUES ('PAR757', 'Garzareal', 'CAN145');
INSERT INTO `parroquias` VALUES ('PAR758', 'Limones', 'CAN145');
INSERT INTO `parroquias` VALUES ('PAR759', 'Paletillas', 'CAN145');
INSERT INTO `parroquias` VALUES ('PAR76', 'Salango', 'CAN17');
INSERT INTO `parroquias` VALUES ('PAR760', 'Bolaspamba', 'CAN145');
INSERT INTO `parroquias` VALUES ('PAR761', 'Cazaderos', 'CAN145');
INSERT INTO `parroquias` VALUES ('PAR762', 'Caracol', 'CAN146');
INSERT INTO `parroquias` VALUES ('PAR763', 'Febres Cordero', 'CAN146');
INSERT INTO `parroquias` VALUES ('PAR764', 'Pimocha', 'CAN146');
INSERT INTO `parroquias` VALUES ('PAR765', 'La Unión', 'CAN146');
INSERT INTO `parroquias` VALUES ('PAR766', 'Clemente Baquerizo', 'CAN146');
INSERT INTO `parroquias` VALUES ('PAR767', 'Doctor Camilo Ponce', 'CAN146');
INSERT INTO `parroquias` VALUES ('PAR768', 'Barreiro', 'CAN146');
INSERT INTO `parroquias` VALUES ('PAR769', 'El Salto', 'CAN146');
INSERT INTO `parroquias` VALUES ('PAR77', 'Rocafuerte', 'CAN18');
INSERT INTO `parroquias` VALUES ('PAR770', 'Babahoyo', 'CAN146');
INSERT INTO `parroquias` VALUES ('PAR771', 'Guare', 'CAN147');
INSERT INTO `parroquias` VALUES ('PAR772', 'Isla de Bejucal', 'CAN147');
INSERT INTO `parroquias` VALUES ('PAR773', 'Patricia Pilar', 'CAN148');
INSERT INTO `parroquias` VALUES ('PAR774', 'San Jacinto de Buena Fe', 'CAN148');
INSERT INTO `parroquias` VALUES ('PAR775', '7 de Agosto', 'CAN148');
INSERT INTO `parroquias` VALUES ('PAR776', '11 de Octubre', 'CAN148');
INSERT INTO `parroquias` VALUES ('PAR777', 'Mocache', 'CAN149');
INSERT INTO `parroquias` VALUES ('PAR778', 'La Esmeralda', 'CAN150');
INSERT INTO `parroquias` VALUES ('PAR779', 'Palenque', 'CAN151');
INSERT INTO `parroquias` VALUES ('PAR78', 'Canoa', 'CAN19');
INSERT INTO `parroquias` VALUES ('PAR780', 'Puerto Pechiche', 'CAN152');
INSERT INTO `parroquias` VALUES ('PAR781', 'San Juan', 'CAN152');
INSERT INTO `parroquias` VALUES ('PAR782', 'San Carlos', 'CAN153');
INSERT INTO `parroquias` VALUES ('PAR783', 'La Esperanza', 'CAN153');
INSERT INTO `parroquias` VALUES ('PAR784', 'Quevedo', 'CAN153');
INSERT INTO `parroquias` VALUES ('PAR785', 'San Camilo', 'CAN153');
INSERT INTO `parroquias` VALUES ('PAR786', 'Guayacán', 'CAN153');
INSERT INTO `parroquias` VALUES ('PAR787', 'Nicolás Infante Díaz', 'CAN153');
INSERT INTO `parroquias` VALUES ('PAR788', 'San Cristóbal', 'CAN153');
INSERT INTO `parroquias` VALUES ('PAR789', 'Siete de Octubre', 'CAN153');
INSERT INTO `parroquias` VALUES ('PAR79', 'Ayacucho', 'CAN20');
INSERT INTO `parroquias` VALUES ('PAR790', '24 de Mayo', 'CAN153');
INSERT INTO `parroquias` VALUES ('PAR791', 'Venus del Río Quevedo', 'CAN153');
INSERT INTO `parroquias` VALUES ('PAR792', 'Viva Alfaro', 'CAN153');
INSERT INTO `parroquias` VALUES ('PAR793', ' Quinsaloma', 'CAN154');
INSERT INTO `parroquias` VALUES ('PAR794', 'Ricaurte', 'CAN155');
INSERT INTO `parroquias` VALUES ('PAR795', 'Catarama', 'CAN155');
INSERT INTO `parroquias` VALUES ('PAR796', ' Valencia', 'CAN156');
INSERT INTO `parroquias` VALUES ('PAR797', 'Chacarita', 'CAN157');
INSERT INTO `parroquias` VALUES ('PAR798', 'Los Ángeles', 'CAN157');
INSERT INTO `parroquias` VALUES ('PAR799', 'Zapotal', 'CAN157');
INSERT INTO `parroquias` VALUES ('PAR80', 'Honorato Vásquez', 'CAN20');
INSERT INTO `parroquias` VALUES ('PAR800', '10 de Noviembre', 'CAN157');
INSERT INTO `parroquias` VALUES ('PAR801', 'Antonio Sotomayor', 'CAN158');
INSERT INTO `parroquias` VALUES ('PAR802', 'Vinces', 'CAN158');
INSERT INTO `parroquias` VALUES ('PAR803', 'Alshi', 'CAN159');
INSERT INTO `parroquias` VALUES ('PAR804', 'Cuchaentza', 'CAN159');
INSERT INTO `parroquias` VALUES ('PAR805', 'General Proaño', 'CAN159');
INSERT INTO `parroquias` VALUES ('PAR806', 'Río Blanco', 'CAN159');
INSERT INTO `parroquias` VALUES ('PAR807', 'San Isidro', 'CAN159');
INSERT INTO `parroquias` VALUES ('PAR808', 'Sevilla Don Bosco', 'CAN159');
INSERT INTO `parroquias` VALUES ('PAR809', 'Sinaí', 'CAN159');
INSERT INTO `parroquias` VALUES ('PAR81', 'La Unión', 'CAN20');
INSERT INTO `parroquias` VALUES ('PAR810', 'Zuña', 'CAN159');
INSERT INTO `parroquias` VALUES ('PAR811', 'Macas ', 'CAN159');
INSERT INTO `parroquias` VALUES ('PAR812', ' Amazonas', 'CAN160');
INSERT INTO `parroquias` VALUES ('PAR813', 'Bermejos', 'CAN160');
INSERT INTO `parroquias` VALUES ('PAR814', 'Bomboiza', 'CAN160');
INSERT INTO `parroquias` VALUES ('PAR815', 'Chigüinda', 'CAN160');
INSERT INTO `parroquias` VALUES ('PAR816', 'El Rosario', 'CAN160');
INSERT INTO `parroquias` VALUES ('PAR817', 'Nueva Tarqui', 'CAN160');
INSERT INTO `parroquias` VALUES ('PAR818', 'San Miguel de Cuyes', 'CAN160');
INSERT INTO `parroquias` VALUES ('PAR819', 'El Ideal', 'CAN160');
INSERT INTO `parroquias` VALUES ('PAR82', 'San Pablo', 'CAN20');
INSERT INTO `parroquias` VALUES ('PAR820', 'Gualaquiza', 'CAN160');
INSERT INTO `parroquias` VALUES ('PAR821', 'Mercedes Molina', 'CAN160');
INSERT INTO `parroquias` VALUES ('PAR822', 'Chiguaza ', 'CAN161');
INSERT INTO `parroquias` VALUES ('PAR823', 'Indanza', 'CAN162');
INSERT INTO `parroquias` VALUES ('PAR824', 'San Antonio', 'CAN162');
INSERT INTO `parroquias` VALUES ('PAR825', 'San Miguel de Conchay', 'CAN162');
INSERT INTO `parroquias` VALUES ('PAR826', 'Santa Susana de Chiviaza', 'CAN162');
INSERT INTO `parroquias` VALUES ('PAR827', 'Yunganza', 'CAN162');
INSERT INTO `parroquias` VALUES ('PAR828', 'General Leonidas Plaza Gutiérrez', 'CAN162');
INSERT INTO `parroquias` VALUES ('PAR829', 'Yaupi', 'CAN163');
INSERT INTO `parroquias` VALUES ('PAR83', 'Santa Ana', 'CAN20');
INSERT INTO `parroquias` VALUES ('PAR830', 'Shimpis', 'CAN163');
INSERT INTO `parroquias` VALUES ('PAR831', 'Pablo Sexto', 'CAN164');
INSERT INTO `parroquias` VALUES ('PAR832', 'Arapicos', 'CAN165');
INSERT INTO `parroquias` VALUES ('PAR833', 'Cumandá', 'CAN165');
INSERT INTO `parroquias` VALUES ('PAR834', 'Sangay', 'CAN165');
INSERT INTO `parroquias` VALUES ('PAR835', '16 de Agosto', 'CAN165');
INSERT INTO `parroquias` VALUES ('PAR836', 'Pan de Azúcar', 'CAN166');
INSERT INTO `parroquias` VALUES ('PAR837', 'San Carlos de Limón', 'CAN166');
INSERT INTO `parroquias` VALUES ('PAR838', 'San Jacinto de Wakambeis', 'CAN166');
INSERT INTO `parroquias` VALUES ('PAR839', 'Santiago de Pananza', 'CAN166');
INSERT INTO `parroquias` VALUES ('PAR84', 'Lodana', 'CAN20');
INSERT INTO `parroquias` VALUES ('PAR840', 'Copal', 'CAN167');
INSERT INTO `parroquias` VALUES ('PAR841', 'Chupianza', 'CAN167');
INSERT INTO `parroquias` VALUES ('PAR842', 'Patuca', 'CAN167');
INSERT INTO `parroquias` VALUES ('PAR843', 'San Luis de El Acho', 'CAN167');
INSERT INTO `parroquias` VALUES ('PAR844', 'Tayuza', 'CAN167');
INSERT INTO `parroquias` VALUES ('PAR845', 'San Francisco de Chinimbimi', 'CAN167');
INSERT INTO `parroquias` VALUES ('PAR846', 'Asunción', 'CAN168');
INSERT INTO `parroquias` VALUES ('PAR847', 'Huambi', 'CAN168');
INSERT INTO `parroquias` VALUES ('PAR848', 'Santa Marianita de Jesús', 'CAN168');
INSERT INTO `parroquias` VALUES ('PAR849', 'Huasaga', 'CAN169');
INSERT INTO `parroquias` VALUES ('PAR85', 'Charapotó', 'CAN21');
INSERT INTO `parroquias` VALUES ('PAR850', 'Macuma', 'CAN169');
INSERT INTO `parroquias` VALUES ('PAR851', 'Tuutinentza', 'CAN169');
INSERT INTO `parroquias` VALUES ('PAR852', 'Pumpuentsa', 'CAN169');
INSERT INTO `parroquias` VALUES ('PAR853', 'San José de Morona', 'CAN170');
INSERT INTO `parroquias` VALUES ('PAR854', 'Santiago', 'CAN170');
INSERT INTO `parroquias` VALUES ('PAR855', ' Ahuano', 'CAN171');
INSERT INTO `parroquias` VALUES ('PAR856', 'Chontapunta', 'CAN171');
INSERT INTO `parroquias` VALUES ('PAR857', 'Pano', 'CAN171');
INSERT INTO `parroquias` VALUES ('PAR858', 'Puerto Misahuallí', 'CAN171');
INSERT INTO `parroquias` VALUES ('PAR859', 'Puerto Napo', 'CAN171');
INSERT INTO `parroquias` VALUES ('PAR86', 'San Isidro', 'CAN21');
INSERT INTO `parroquias` VALUES ('PAR860', 'Tálag', 'CAN171');
INSERT INTO `parroquias` VALUES ('PAR861', 'San Juan de Muyuna', 'CAN171');
INSERT INTO `parroquias` VALUES ('PAR862', 'Cotundo', 'CAN172');
INSERT INTO `parroquias` VALUES ('PAR863', 'San Pablo de Ushpayacu', 'CAN172');
INSERT INTO `parroquias` VALUES ('PAR864', 'Hatun Sumaku', 'CAN172');
INSERT INTO `parroquias` VALUES ('PAR865', 'Carlos Julio Arosemena Tola', 'CAN173');
INSERT INTO `parroquias` VALUES ('PAR866', 'Gonzalo Díaz de Pineda', 'CAN174');
INSERT INTO `parroquias` VALUES ('PAR867', 'Linares', 'CAN174');
INSERT INTO `parroquias` VALUES ('PAR868', 'Oyacachi', 'CAN174');
INSERT INTO `parroquias` VALUES ('PAR869', 'Santa Rosa', 'CAN174');
INSERT INTO `parroquias` VALUES ('PAR87', 'Bahía de Caráquez', 'CAN21');
INSERT INTO `parroquias` VALUES ('PAR870', 'Sardinas', 'CAN174');
INSERT INTO `parroquias` VALUES ('PAR871', 'Cosanga', 'CAN175');
INSERT INTO `parroquias` VALUES ('PAR872', 'Cuyuja', 'CAN175');
INSERT INTO `parroquias` VALUES ('PAR873', 'Papallacta', 'CAN175');
INSERT INTO `parroquias` VALUES ('PAR874', 'San Francisco de Borja', 'CAN175');
INSERT INTO `parroquias` VALUES ('PAR875', 'Sumaco', 'CAN175');
INSERT INTO `parroquias` VALUES ('PAR876', 'Baeza', 'CAN175');
INSERT INTO `parroquias` VALUES ('PAR877', 'Dayuma', 'CAN176');
INSERT INTO `parroquias` VALUES ('PAR878', 'Taracoa', 'CAN176');
INSERT INTO `parroquias` VALUES ('PAR879', 'Alejandro Labaka', 'CAN176');
INSERT INTO `parroquias` VALUES ('PAR88', 'Leonidas Plaza Gutiérrez', 'CAN21');
INSERT INTO `parroquias` VALUES ('PAR880', 'El Dorado', 'CAN176');
INSERT INTO `parroquias` VALUES ('PAR881', 'El Edén', 'CAN176');
INSERT INTO `parroquias` VALUES ('PAR882', 'García Moreno', 'CAN176');
INSERT INTO `parroquias` VALUES ('PAR883', 'Inés Arango', 'CAN176');
INSERT INTO `parroquias` VALUES ('PAR884', 'La Belleza', 'CAN176');
INSERT INTO `parroquias` VALUES ('PAR885', 'Nuevo Paraíso', 'CAN176');
INSERT INTO `parroquias` VALUES ('PAR886', 'San José de Guayusa', 'CAN176');
INSERT INTO `parroquias` VALUES ('PAR887', 'San Luis de Armenia', 'CAN176');
INSERT INTO `parroquias` VALUES ('PAR888', 'Puerto Francisco de Orellana', 'CAN176');
INSERT INTO `parroquias` VALUES ('PAR889', 'Capitán Augusto Rivadeneira', 'CAN177');
INSERT INTO `parroquias` VALUES ('PAR89', 'Bachillerato', 'CAN22');
INSERT INTO `parroquias` VALUES ('PAR890', 'Cononaco', 'CAN177');
INSERT INTO `parroquias` VALUES ('PAR891', 'Santa María de Huiririma', 'CAN177');
INSERT INTO `parroquias` VALUES ('PAR892', 'Yasuní', 'CAN177');
INSERT INTO `parroquias` VALUES ('PAR893', 'Nuevo Rocafuerte', 'CAN177');
INSERT INTO `parroquias` VALUES ('PAR894', 'Tiputini', 'CAN177');
INSERT INTO `parroquias` VALUES ('PAR895', 'Enokanqui', 'CAN178');
INSERT INTO `parroquias` VALUES ('PAR896', 'Pompeya', 'CAN178');
INSERT INTO `parroquias` VALUES ('PAR897', 'San Carlos', 'CAN178');
INSERT INTO `parroquias` VALUES ('PAR898', 'San Sebastián del Coca', 'CAN178');
INSERT INTO `parroquias` VALUES ('PAR899', 'Lago San Pedro', 'CAN178');
INSERT INTO `parroquias` VALUES ('PAR90', 'Angel Pedro Giler', 'CAN22');
INSERT INTO `parroquias` VALUES ('PAR900', 'Rumipamba', 'CAN178');
INSERT INTO `parroquias` VALUES ('PAR901', 'Tres de Noviembre', 'CAN178');
INSERT INTO `parroquias` VALUES ('PAR902', 'Unión Milagreña', 'CAN178');
INSERT INTO `parroquias` VALUES ('PAR903', 'La Joya de los Sachas', 'CAN178');
INSERT INTO `parroquias` VALUES ('PAR904', 'Ávila', 'CAN179');
INSERT INTO `parroquias` VALUES ('PAR905', 'Puerto Murialdo', 'CAN179');
INSERT INTO `parroquias` VALUES ('PAR906', 'San José de Payamino', 'CAN179');
INSERT INTO `parroquias` VALUES ('PAR907', 'San José de Dahuano', 'CAN179');
INSERT INTO `parroquias` VALUES ('PAR908', 'San Vicente de Huaticocha', 'CAN179');
INSERT INTO `parroquias` VALUES ('PAR909', 'Loreto', 'CAN179');
INSERT INTO `parroquias` VALUES ('PAR91', 'Baños', 'CAN23');
INSERT INTO `parroquias` VALUES ('PAR910', 'Canelos', 'CAN180');
INSERT INTO `parroquias` VALUES ('PAR911', 'Diez de Agosto', 'CAN180');
INSERT INTO `parroquias` VALUES ('PAR912', 'Fátima', 'CAN180');
INSERT INTO `parroquias` VALUES ('PAR913', 'Montalvo', 'CAN180');
INSERT INTO `parroquias` VALUES ('PAR914', 'Pomona', 'CAN180');
INSERT INTO `parroquias` VALUES ('PAR915', 'Río Corrientes', 'CAN180');
INSERT INTO `parroquias` VALUES ('PAR916', 'Río Tigre', 'CAN180');
INSERT INTO `parroquias` VALUES ('PAR917', 'Sarayacu', 'CAN180');
INSERT INTO `parroquias` VALUES ('PAR918', 'Simón Bolívar', 'CAN180');
INSERT INTO `parroquias` VALUES ('PAR919', 'Tarqui', 'CAN180');
INSERT INTO `parroquias` VALUES ('PAR92', 'Cumbe', 'CAN23');
INSERT INTO `parroquias` VALUES ('PAR920', 'Teniente Hugo Ortiz', 'CAN180');
INSERT INTO `parroquias` VALUES ('PAR921', 'Veracruz', 'CAN180');
INSERT INTO `parroquias` VALUES ('PAR922', 'El Triunfo', 'CAN180');
INSERT INTO `parroquias` VALUES ('PAR923', ' Puyo', 'CAN180');
INSERT INTO `parroquias` VALUES ('PAR924', 'Curaray', 'CAN181');
INSERT INTO `parroquias` VALUES ('PAR925', 'Madre Tierra', 'CAN182');
INSERT INTO `parroquias` VALUES ('PAR926', 'Shell', 'CAN182');
INSERT INTO `parroquias` VALUES ('PAR927', 'San José ', 'CAN183');
INSERT INTO `parroquias` VALUES ('PAR928', 'Alangasí', 'CAN184');
INSERT INTO `parroquias` VALUES ('PAR929', 'Amaguaña', 'CAN184');
INSERT INTO `parroquias` VALUES ('PAR93', 'Chaucha', 'CAN23');
INSERT INTO `parroquias` VALUES ('PAR930', 'Atahualpa', 'CAN184');
INSERT INTO `parroquias` VALUES ('PAR931', 'Calacalí', 'CAN184');
INSERT INTO `parroquias` VALUES ('PAR932', 'Calderón', 'CAN184');
INSERT INTO `parroquias` VALUES ('PAR933', 'Conocoto', 'CAN184');
INSERT INTO `parroquias` VALUES ('PAR934', 'Cumbayá', 'CAN184');
INSERT INTO `parroquias` VALUES ('PAR935', 'Chavezpamba', 'CAN184');
INSERT INTO `parroquias` VALUES ('PAR936', 'Checa', 'CAN184');
INSERT INTO `parroquias` VALUES ('PAR937', 'El Quinche', 'CAN184');
INSERT INTO `parroquias` VALUES ('PAR938', 'Gualea', 'CAN184');
INSERT INTO `parroquias` VALUES ('PAR939', 'Guangopolo', 'CAN184');
INSERT INTO `parroquias` VALUES ('PAR94', 'Checa', 'CAN23');
INSERT INTO `parroquias` VALUES ('PAR940', 'Guayllabamba', 'CAN184');
INSERT INTO `parroquias` VALUES ('PAR941', 'La Merced', 'CAN184');
INSERT INTO `parroquias` VALUES ('PAR942', 'Llano Chico', 'CAN184');
INSERT INTO `parroquias` VALUES ('PAR943', 'Lloa', 'CAN184');
INSERT INTO `parroquias` VALUES ('PAR944', 'Nanegal', 'CAN184');
INSERT INTO `parroquias` VALUES ('PAR945', 'Nanegalito', 'CAN184');
INSERT INTO `parroquias` VALUES ('PAR946', 'Nayón', 'CAN184');
INSERT INTO `parroquias` VALUES ('PAR947', 'Nono', 'CAN184');
INSERT INTO `parroquias` VALUES ('PAR948', 'Pacto', 'CAN184');
INSERT INTO `parroquias` VALUES ('PAR949', 'Perucho', 'CAN184');
INSERT INTO `parroquias` VALUES ('PAR95', 'Chiquintad', 'CAN23');
INSERT INTO `parroquias` VALUES ('PAR950', 'Pifo', 'CAN184');
INSERT INTO `parroquias` VALUES ('PAR951', 'Píntag', 'CAN184');
INSERT INTO `parroquias` VALUES ('PAR952', 'Pomasqui', 'CAN184');
INSERT INTO `parroquias` VALUES ('PAR953', 'Puéllaro', 'CAN184');
INSERT INTO `parroquias` VALUES ('PAR954', 'Puembo', 'CAN184');
INSERT INTO `parroquias` VALUES ('PAR955', 'San Antonio', 'CAN184');
INSERT INTO `parroquias` VALUES ('PAR956', 'San José de Minas', 'CAN184');
INSERT INTO `parroquias` VALUES ('PAR957', 'Tababela', 'CAN184');
INSERT INTO `parroquias` VALUES ('PAR958', 'Tumbaco', 'CAN184');
INSERT INTO `parroquias` VALUES ('PAR959', 'Yaruquí', 'CAN184');
INSERT INTO `parroquias` VALUES ('PAR96', 'Llacao', 'CAN23');
INSERT INTO `parroquias` VALUES ('PAR960', 'Zámbiza', 'CAN184');
INSERT INTO `parroquias` VALUES ('PAR961', 'Belisario Quevedo', 'CAN184');
INSERT INTO `parroquias` VALUES ('PAR962', 'Carcelén', 'CAN184');
INSERT INTO `parroquias` VALUES ('PAR963', 'Centro Histórico', 'CAN184');
INSERT INTO `parroquias` VALUES ('PAR964', 'Cochapamba', 'CAN184');
INSERT INTO `parroquias` VALUES ('PAR965', 'Comité del Pueblo', 'CAN184');
INSERT INTO `parroquias` VALUES ('PAR966', 'Cotocollao', 'CAN184');
INSERT INTO `parroquias` VALUES ('PAR967', 'Chilibulo', 'CAN184');
INSERT INTO `parroquias` VALUES ('PAR968', 'Chillogallo', 'CAN184');
INSERT INTO `parroquias` VALUES ('PAR969', 'Chimbacalle', 'CAN184');
INSERT INTO `parroquias` VALUES ('PAR97', 'Molleturo', 'CAN23');
INSERT INTO `parroquias` VALUES ('PAR970', 'El Condado', 'CAN184');
INSERT INTO `parroquias` VALUES ('PAR971', 'Guamaní', 'CAN184');
INSERT INTO `parroquias` VALUES ('PAR972', 'Iñaquito', 'CAN184');
INSERT INTO `parroquias` VALUES ('PAR973', 'Itchimbia', 'CAN184');
INSERT INTO `parroquias` VALUES ('PAR974', 'Jipijapa', 'CAN184');
INSERT INTO `parroquias` VALUES ('PAR975', 'Kennedy', 'CAN184');
INSERT INTO `parroquias` VALUES ('PAR976', 'La Argelia', 'CAN184');
INSERT INTO `parroquias` VALUES ('PAR977', 'La Concepción', 'CAN184');
INSERT INTO `parroquias` VALUES ('PAR978', 'La Ecuatoriana', 'CAN184');
INSERT INTO `parroquias` VALUES ('PAR979', 'La Ferroviaria', 'CAN184');
INSERT INTO `parroquias` VALUES ('PAR98', 'Nulti', 'CAN23');
INSERT INTO `parroquias` VALUES ('PAR980', 'La Libertad', 'CAN184');
INSERT INTO `parroquias` VALUES ('PAR981', 'La Magdalena', 'CAN184');
INSERT INTO `parroquias` VALUES ('PAR982', 'La Mena', 'CAN184');
INSERT INTO `parroquias` VALUES ('PAR983', 'Mariscal Sucre', 'CAN184');
INSERT INTO `parroquias` VALUES ('PAR984', 'Ponceano', 'CAN184');
INSERT INTO `parroquias` VALUES ('PAR985', 'Puengasí', 'CAN184');
INSERT INTO `parroquias` VALUES ('PAR986', 'Quitumbe', 'CAN184');
INSERT INTO `parroquias` VALUES ('PAR987', 'Rumipamba', 'CAN184');
INSERT INTO `parroquias` VALUES ('PAR988', 'San Bartolo', 'CAN184');
INSERT INTO `parroquias` VALUES ('PAR989', 'San Isidro del Inca', 'CAN184');
INSERT INTO `parroquias` VALUES ('PAR99', 'Octavio Cordero Palacios', 'CAN23');
INSERT INTO `parroquias` VALUES ('PAR990', 'San Juan', 'CAN184');
INSERT INTO `parroquias` VALUES ('PAR991', 'Solanda', 'CAN184');
INSERT INTO `parroquias` VALUES ('PAR992', 'Turubamba', 'CAN184');
INSERT INTO `parroquias` VALUES ('PAR993', 'Ascázubi', 'CAN185');
INSERT INTO `parroquias` VALUES ('PAR994', 'Cangahua', 'CAN185');
INSERT INTO `parroquias` VALUES ('PAR995', 'Olmedo', 'CAN185');
INSERT INTO `parroquias` VALUES ('PAR996', 'Otón', 'CAN185');
INSERT INTO `parroquias` VALUES ('PAR997', 'Santa Rosa de Cuzubamba', 'CAN185');
INSERT INTO `parroquias` VALUES ('PAR998', 'San José de Ayora', 'CAN185');
INSERT INTO `parroquias` VALUES ('PAR999', 'Cayambe', 'CAN185');

-- ----------------------------
-- Table structure for provincias
-- ----------------------------
DROP TABLE IF EXISTS `provincias`;
CREATE TABLE `provincias` (
  `ID_Provincia` varchar(10) NOT NULL,
  `Provincia` varchar(50) NOT NULL,
  PRIMARY KEY (`ID_Provincia`)
) ENGINE=InnoDB DEFAULT CHARSET=latin1;

-- ----------------------------
-- Records of provincias
-- ----------------------------
INSERT INTO `provincias` VALUES ('PRO01', 'Azuay');
INSERT INTO `provincias` VALUES ('PRO02', 'Bolivar');
INSERT INTO `provincias` VALUES ('PRO03', 'Cañar');
INSERT INTO `provincias` VALUES ('PRO04', 'Carchi');
INSERT INTO `provincias` VALUES ('PRO05', 'Chimborazo');
INSERT INTO `provincias` VALUES ('PRO06', 'Cotopaxi');
INSERT INTO `provincias` VALUES ('PRO07', 'El Oro');
INSERT INTO `provincias` VALUES ('PRO08', 'Esmeraldas');
INSERT INTO `provincias` VALUES ('PRO09', 'Galapagos');
INSERT INTO `provincias` VALUES ('PRO10', 'Guayas');
INSERT INTO `provincias` VALUES ('PRO11', 'Imbabura');
INSERT INTO `provincias` VALUES ('PRO12', 'Loja');
INSERT INTO `provincias` VALUES ('PRO13', 'Los Rios');
INSERT INTO `provincias` VALUES ('PRO14', 'Manabi');
INSERT INTO `provincias` VALUES ('PRO15', 'Morona Santiago');
INSERT INTO `provincias` VALUES ('PRO16', 'Napo');
INSERT INTO `provincias` VALUES ('PRO17', 'Orellana');
INSERT INTO `provincias` VALUES ('PRO18', 'Pastaza');
INSERT INTO `provincias` VALUES ('PRO19', 'Pichincha');
INSERT INTO `provincias` VALUES ('PRO20', 'Santa Elena');
INSERT INTO `provincias` VALUES ('PRO21', 'Santo Domingo');
INSERT INTO `provincias` VALUES ('PRO22', 'Sucumbios');
INSERT INTO `provincias` VALUES ('PRO23', 'Tungurahua');
INSERT INTO `provincias` VALUES ('PRO24', 'Zamora Chinchipe');
